Workbook

Sheet INDICADORES
A2: INDICADORES DE ACCIDENTABILIDAD | F2: Acumulado | I2: Acumulado | L2: Acumulado | O2: Acumulado | AV2: OBJETIVO 2024
C3: ENERO | F3: FEBRERO | I3: MARZO | L3: ABRIL | O3: MAYO | R3: JUNIO | U3: JULIO | X3: AGOSTO | AA3: SEPTIEMBRE | AD3: OCTUBRE | AG3: NOVIEMBRE | AJ3: DICIEMBRE | AN3: OBJETIVOS 2024 | AR3: RESULTADO 2023 | AV3: IF | AZ3: IS | BD3: TIR
A4: SOCIEDAD | B4: PLANTAS | C4: IF | D4: IS | E4: TIR | F4: IF | G4: IS | H4: TIR | I4: IF | J4: IS | K4: TIR | L4: IF | M4: IS | N4: TIR | O4: IF | P4: IS | Q4: TIR | R4: IF | S4: IS | T4: TIR | U4: IF | V4: IS | W4: TIR | X4: IF | Y4: IS | Z4: TIR | AA4: IF | AB4: IS | AC4: TIR | AD4: IF | AE4: IS | AF4: TIR | AG4: IF | AH4: IS | AI4: TIR | AJ4: IF | AK4: IS | AL4: TIR | AN4: IF | AO4: IS | AP4: TIR | AR4: IF | AS4: IS | AT4: TIR | AV4: MAX | AW4: ESP. | AX4: MIN | AZ4: MAX | BA4: ESP. | BB4: MIN | BD4: MAX | BE4: ESP. | BF4: MIN
A5: ALICORP SAA | B5: MOL. FAUCETT | C5: =(ACCIDENTES!C5/HH!F5)*1000000 -> 0 | D5: =(ACCIDENTES!D5/HH!F5)*1000000 -> 0 | E5: =(ACCIDENTES!F5/HH!F5)*1000000 -> 0 | F5: =((ACCIDENTES!C5+ACCIDENTES!H5)/(HH!F5+HH!J5))*1000000 -> 0 | G5: =((ACCIDENTES!D5+ACCIDENTES!I5)/(HH!F5+HH!J5))*1000000 -> 0 | H5: =((ACCIDENTES!F5+ACCIDENTES!K5)/(HH!F5+HH!J5))*1000000 -> 0 | I5: =((ACCIDENTES!C5+ACCIDENTES!H5+ACCIDENTES!M5)/(HH!F5+HH!J5+HH!N5))*1000000 -> 0 | J5: =((ACCIDENTES!D5+ACCIDENTES!I5+ACCIDENTES!N5)/(HH!F5+HH!J5+HH!N5))*1000000 -> 0 | K5: =((ACCIDENTES!F5+ACCIDENTES!K5+ACCIDENTES!P5)/(HH!J5+HH!N5+HH!F5))*1000000 -> 0 | L5: =((ACCIDENTES!C5+ACCIDENTES!H5+ACCIDENTES!M5+ACCIDENTES!R5)/(HH!F5+HH!J5+HH!N5+HH!R5))*1000000 -> 0 | M5: =((ACCIDENTES!D5+ACCIDENTES!I5+ACCIDENTES!N5+ACCIDENTES!S5)/(HH!F5+HH!J5+HH!N5+HH!R5))*1000000 -> 0 | N5: =((ACCIDENTES!F5+ACCIDENTES!K5+ACCIDENTES!P5+ACCIDENTES!U5)/(HH!F5+HH!J5+HH!N5+HH!R5))*1000000 -> 0 | O5: =((ACCIDENTES!C5+ACCIDENTES!H5+ACCIDENTES!M5+ACCIDENTES!R5+ACCIDENTES!W5)/(HH!F5+HH!J5+HH!N5+HH!R5+HH!V5))*1000000 -> 5.3313145 | P5: =(((ACCIDENTES!D5+ACCIDENTES!I5+ACCIDENTES!N5+ACCIDENTES!S5+ACCIDENTES!X5)/(HH!F5+HH!J5+HH!N5+HH!R5+HH!V5))*1000000) -> 5.3313145 | Q5: =((ACCIDENTES!F5+ACCIDENTES!K5+ACCIDENTES!P5+ACCIDENTES!U5+ACCIDENTES!Z5)/(HH!F5+HH!J5+HH!N5+HH!R5+HH!V5))*1000000 -> 5.3313145 | R5: =(ACCIDENTES!C5+ACCIDENTES!H5+ACCIDENTES!M5+ACCIDENTES!R5+ACCIDENTES!W5+ACCIDENTES!AB5)*1000000/(HH!F5+HH!J5+HH!N5+HH!R5+HH!V5+HH!Z5) -> 4.4452446 | S5: =(ACCIDENTES!D5+ACCIDENTES!I5+ACCIDENTES!N5+ACCIDENTES!S5+ACCIDENTES!X5+ACCIDENTES!AC5)*1000000/(HH!F5+HH!J5+HH!N5+HH!R5+HH!V5+HH!Z5) -> 4.4452446 | T5: =(ACCIDENTES!F5+ACCIDENTES!K5+ACCIDENTES!P5+ACCIDENTES!U5+ACCIDENTES!Z5+ACCIDENTES!AE5)*1000000/(HH!F5+HH!J5+HH!N5+HH!R5+HH!V5+HH!Z5) -> 4.4452446 | U5: =((ACCIDENTES!C5+ACCIDENTES!H5+ACCIDENTES!M5+ACCIDENTES!R5+ACCIDENTES!W5+ACCIDENTES!AB5+ACCIDENTES!AG5)/(HH!F5+HH!J5+HH!N5+HH!R5+HH!V5+HH!Z5+HH!AD5))*1000000 -> 3.8092263 | V5: =((ACCIDENTES!D5+ACCIDENTES!I5+ACCIDENTES!N5+ACCIDENTES!S5+ACCIDENTES!X5+ACCIDENTES!AC5+ACCIDENTES!AH5)/(HH!F5+HH!J5+HH!N5+HH!R5+HH!V5+HH!Z5+HH!AD5))*1000000 -> 3.8092263 | W5: =((ACCIDENTES!F5+ACCIDENTES!K5+ACCIDENTES!P5+ACCIDENTES!U5+ACCIDENTES!Z5+ACCIDENTES!AE5+ACCIDENTES!AJ5)/(HH!F5+HH!J5+HH!N5+HH!R5+HH!V5+HH!Z5+HH!AD5))*1000000 -> 3.8092263 | X5: =((ACCIDENTES!C5+ACCIDENTES!H5+ACCIDENTES!M5+ACCIDENTES!R5+ACCIDENTES!W5+ACCIDENTES!AB5+ACCIDENTES!AG5+ACCIDENTES!AL5)/(HH!F5+HH!J5+HH!N5+HH!R5+HH!V5+HH!Z5+HH!AD5+HH!AH5))*1000000 -> 3.3293991 | Y5: =((ACCIDENTES!D5+ACCIDENTES!I5+ACCIDENTES!N5+ACCIDENTES!S5+ACCIDENTES!X5+ACCIDENTES!AC5+ACCIDENTES!AH5+ACCIDENTES!AM5)/(HH!F5+HH!J5+HH!N5+HH!R5+HH!V5+HH!Z5+HH!AD5+HH!AH5))*1000000 -> 3.3293991 | Z5: =((ACCIDENTES!F5+ACCIDENTES!K5+ACCIDENTES!P5+ACCIDENTES!U5+ACCIDENTES!Z5+ACCIDENTES!AE5+ACCIDENTES!AJ5+ACCIDENTES!AO5)/(HH!F5+HH!J5+HH!N5+HH!R5+HH!V5+HH!Z5+HH!AD5+HH!AH5))*1000000 -> 3.3293991 | AA5: =((ACCIDENTES!AQ5+ACCIDENTES!AL5+ACCIDENTES!AG5+ACCIDENTES!AB5+ACCIDENTES!W5+ACCIDENTES!R5+ACCIDENTES!M5+ACCIDENTES!H5+ACCIDENTES!C5)/(HH!AL5+HH!AH5+HH!AD5+HH!Z5+HH!V5+HH!R5+HH!N5+HH!J5+HH!F5))*1000000 -> 2.9500396 | AB5: =((ACCIDENTES!AR5+ACCIDENTES!AM5+ACCIDENTES!AH5+ACCIDENTES!AC5+ACCIDENTES!X5+ACCIDENTES!S5+ACCIDENTES!N5+ACCIDENTES!I5+ACCIDENTES!D5)/(HH!AL5+HH!AH5+HH!AD5+HH!Z5+HH!V5+HH!R5+HH!N5+HH!J5+HH!F5))*1000000 -> 2.9500396 | AC5: =((ACCIDENTES!F5+ACCIDENTES!K5+ACCIDENTES!P5+ACCIDENTES!U5+ACCIDENTES!Z5+ACCIDENTES!AE5+ACCIDENTES!AJ5+ACCIDENTES!AO5+ACCIDENTES!AT5)/(HH!F5+HH!J5+HH!N5+HH!R5+HH!V5+HH!Z5+HH!AD5+HH!AH5+HH!AL5))*1000000 -> 2.9500396 | AD5: =((ACCIDENTES!AV5+ACCIDENTES!AQ5+ACCIDENTES!AL5+ACCIDENTES!AG5+ACCIDENTES!AB5+ACCIDENTES!W5+ACCIDENTES!R5+ACCIDENTES!M5+ACCIDENTES!H5+ACCIDENTES!C5)/(HH!F5+HH!J5+HH!N5+HH!R5+HH!V5+HH!Z5+HH!AD5+HH!AH5+HH!AL5+HH!AP5))*1000000 -> 2.642542 | AE5: =((ACCIDENTES!D5+ACCIDENTES!I5+ACCIDENTES!N5+ACCIDENTES!S5+ACCIDENTES!X5+ACCIDENTES!AC5+ACCIDENTES!AH5+ACCIDENTES!AM5+ACCIDENTES!AR5+ACCIDENTES!AW5)/(HH!AP5+HH!AL5+HH!AH5+HH!AD5+HH!Z5+HH!V5+HH!R5+HH!N5+HH!J5+HH!F5))*1000000 -> 2.642542 | AF5: =((ACCIDENTES!AY5+ACCIDENTES!AT5+ACCIDENTES!AO5+ACCIDENTES!AJ5+ACCIDENTES!AE5+ACCIDENTES!Z5+ACCIDENTES!U5+ACCIDENTES!P5+ACCIDENTES!K5+ACCIDENTES!F5)/(HH!F5+HH!J5+HH!N5+HH!R5+HH!V5+HH!Z5+HH!AD5+HH!AH5+HH!AL5+HH!AP5))*1000000 -> 2.642542 | AG5: =((ACCIDENTES!BA5+ACCIDENTES!AV5+ACCIDENTES!AQ5+ACCIDENTES!AL5+ACCIDENTES!AG5+ACCIDENTES!AB5+ACCIDENTES!W5+ACCIDENTES!R5+ACCIDENTES!M5+ACCIDENTES!H5+ACCIDENTES!C5)/(HH!AT5+HH!AP5+HH!AL5+HH!AH5+HH!AD5+HH!Z5+HH!V5+HH!R5+HH!N5+HH!J5+HH!F5))*1000000 -> 2.5192693 | AH5: =((ACCIDENTES!D5+ACCIDENTES!I5+ACCIDENTES!N5+ACCIDENTES!S5+ACCIDENTES!X5+ACCIDENTES!AC5+ACCIDENTES!AH5+ACCIDENTES!AM5+ACCIDENTES!AR5+ACCIDENTES!AW5+ACCIDENTES!BB5)/(HH!F5+HH!J5+HH!N5+HH!R5+HH!V5+HH!Z5+HH!AD5+HH!AH5+HH!AL5+HH!AP5+HH!AT5))*1000000 -> 2.5192693 | AI5: =((ACCIDENTES!BD5+ACCIDENTES!AY5+ACCIDENTES!AT5+ACCIDENTES!AO5+ACCIDENTES!AJ5+ACCIDENTES!AE5+ACCIDENTES!Z5+ACCIDENTES!U5+ACCIDENTES!P5+ACCIDENTES!K5+ACCIDENTES!F5)/(HH!F5+HH!J5+HH!N5+HH!R5+HH!V5+HH!Z5+HH!AD5+HH!AH5+HH!AL5+HH!AP5+HH!AT5))*1000000 -> 2.5192693 | AJ5: =(ACCIDENTES!BK5/HH!BB5)*1000000 -> 2.2915519 | AK5: =(ACCIDENTES!BL5/HH!BB5)*1000000 -> 2.2915519 | AL5: =(ACCIDENTES!BN5/HH!BB5)*1000000 -> 2.2915519 | AN5: =AW5 -> 6.7726259 | AO5: =BA5 -> 169.31565 | AR5: 9.6751799 | AS5: 2875.9472 | AT5: 2.9 | AV5: 5.805108 | AW5: 6.7726259 | AX5: 7.7401439 | AZ5: 145.1277 | BA5: 169.31565 | BB5: 193.5036
A6: ALICORP SAA | B6: MOL. CALLAO | C6: =(ACCIDENTES!C6/HH!F6)*1000000 -> 0 | D6: =(ACCIDENTES!D6/HH!F6)*1000000 -> 0 | E6: =(ACCIDENTES!F6/HH!F6)*1000000 -> 0 | F6: =((ACCIDENTES!C6+ACCIDENTES!H6)/(HH!F6+HH!J6))*1000000 -> 0 | G6: =((ACCIDENTES!D6+ACCIDENTES!I6)/(HH!F6+HH!J6))*1000000 -> 0 | H6: =((ACCIDENTES!F6+ACCIDENTES!K6)/(HH!F6+HH!J6))*1000000 -> 0 | I6: =((ACCIDENTES!C6+ACCIDENTES!H6+ACCIDENTES!M6)/(HH!F6+HH!J6+HH!N6))*1000000 -> 0 | J6: =((ACCIDENTES!D6+ACCIDENTES!I6+ACCIDENTES!N6)/(HH!F6+HH!J6+HH!N6))*1000000 -> 0 | K6: =((ACCIDENTES!F6+ACCIDENTES!K6+ACCIDENTES!P6)/(HH!J6+HH!N6+HH!F6))*1000000 -> 0 | L6: =((ACCIDENTES!C6+ACCIDENTES!H6+ACCIDENTES!M6+ACCIDENTES!R6)/(HH!F6+HH!J6+HH!N6+HH!R6))*1000000 -> 0 | M6: =((ACCIDENTES!D6+ACCIDENTES!I6+ACCIDENTES!N6+ACCIDENTES!S6)/(HH!F6+HH!J6+HH!N6+HH!R6))*1000000 -> 0 | N6: =((ACCIDENTES!F6+ACCIDENTES!K6+ACCIDENTES!P6+ACCIDENTES!U6)/(HH!F6+HH!J6+HH!N6+HH!R6))*1000000 -> 5.5433909 | O6: =((ACCIDENTES!C6+ACCIDENTES!H6+ACCIDENTES!M6+ACCIDENTES!R6+ACCIDENTES!W6)/(HH!F6+HH!J6+HH!N6+HH!R6+HH!V6))*1000000 -> 0 | P6: =(((ACCIDENTES!D6+ACCIDENTES!I6+ACCIDENTES!N6+ACCIDENTES!S6+ACCIDENTES!X6)/(HH!F6+HH!J6+HH!N6+HH!R6+HH!V6))*1000000) -> 0 | Q6: =((ACCIDENTES!F6+ACCIDENTES!K6+ACCIDENTES!P6+ACCIDENTES!U6+ACCIDENTES!Z6)/(HH!F6+HH!J6+HH!N6+HH!R6+HH!V6))*1000000 -> 4.3877161 | R6: =(ACCIDENTES!C6+ACCIDENTES!H6+ACCIDENTES!M6+ACCIDENTES!R6+ACCIDENTES!W6+ACCIDENTES!AB6)*1000000/(HH!F6+HH!J6+HH!N6+HH!R6+HH!V6+HH!Z6) -> 3.6430337 | S6: =(ACCIDENTES!D6+ACCIDENTES!I6+ACCIDENTES!N6+ACCIDENTES!S6+ACCIDENTES!X6+ACCIDENTES!AC6)*1000000/(HH!F6+HH!J6+HH!N6+HH!R6+HH!V6+HH!Z6) -> 94.718876 | T6: =(ACCIDENTES!F6+ACCIDENTES!K6+ACCIDENTES!P6+ACCIDENTES!U6+ACCIDENTES!Z6+ACCIDENTES!AE6)*1000000/(HH!F6+HH!J6+HH!N6+HH!R6+HH!V6+HH!Z6) -> 7.2860674 | U6: =((ACCIDENTES!C6+ACCIDENTES!H6+ACCIDENTES!M6+ACCIDENTES!R6+ACCIDENTES!W6+ACCIDENTES!AB6+ACCIDENTES!AG6)/(HH!F6+HH!J6+HH!N6+HH!R6+HH!V6+HH!Z6+HH!AD6))*1000000 -> 3.1203098 | V6: =((ACCIDENTES!D6+ACCIDENTES!I6+ACCIDENTES!N6+ACCIDENTES!S6+ACCIDENTES!X6+ACCIDENTES!AC6+ACCIDENTES!AH6)/(HH!F6+HH!J6+HH!N6+HH!R6+HH!V6+HH!Z6+HH!AD6))*1000000 -> 81.128054 | W6: =((ACCIDENTES!F6+ACCIDENTES!K6+ACCIDENTES!P6+ACCIDENTES!U6+ACCIDENTES!Z6+ACCIDENTES!AE6+ACCIDENTES!AJ6)/(HH!F6+HH!J6+HH!N6+HH!R6+HH!V6+HH!Z6+HH!AD6))*1000000 -> 6.2406196 | X6: =((ACCIDENTES!C6+ACCIDENTES!H6+ACCIDENTES!M6+ACCIDENTES!R6+ACCIDENTES!W6+ACCIDENTES!AB6+ACCIDENTES!AG6+ACCIDENTES!AL6)/(HH!F6+HH!J6+HH!N6+HH!R6+HH!V6+HH!Z6+HH!AD6+HH!AH6))*1000000 -> 2.7276199 | Y6: =((ACCIDENTES!D6+ACCIDENTES!I6+ACCIDENTES!N6+ACCIDENTES!S6+ACCIDENTES!X6+ACCIDENTES!AC6+ACCIDENTES!AH6+ACCIDENTES!AM6)/(HH!F6+HH!J6+HH!N6+HH!R6+HH!V6+HH!Z6+HH!AD6+HH!AH6))*1000000 -> 70.918117 | Z6: =((ACCIDENTES!F6+ACCIDENTES!K6+ACCIDENTES!P6+ACCIDENTES!U6+ACCIDENTES!Z6+ACCIDENTES!AE6+ACCIDENTES!AJ6+ACCIDENTES!AO6)/(HH!F6+HH!J6+HH!N6+HH!R6+HH!V6+HH!Z6+HH!AD6+HH!AH6))*1000000 -> 8.1828596 | AA6: =((ACCIDENTES!AQ6+ACCIDENTES!AL6+ACCIDENTES!AG6+ACCIDENTES!AB6+ACCIDENTES!W6+ACCIDENTES!R6+ACCIDENTES!M6+ACCIDENTES!H6+ACCIDENTES!C6)/(HH!AL6+HH!AH6+HH!AD6+HH!Z6+HH!V6+HH!R6+HH!N6+HH!J6+HH!F6))*1000000 -> 2.4167038 | AB6: =((ACCIDENTES!AR6+ACCIDENTES!AM6+ACCIDENTES!AH6+ACCIDENTES!AC6+ACCIDENTES!X6+ACCIDENTES!S6+ACCIDENTES!N6+ACCIDENTES!I6+ACCIDENTES!D6)/(HH!AL6+HH!AH6+HH!AD6+HH!Z6+HH!V6+HH!R6+HH!N6+HH!J6+HH!F6))*1000000 -> 62.834298 | AC6: =((ACCIDENTES!F6+ACCIDENTES!K6+ACCIDENTES!P6+ACCIDENTES!U6+ACCIDENTES!Z6+ACCIDENTES!AE6+ACCIDENTES!AJ6+ACCIDENTES!AO6+ACCIDENTES!AT6)/(HH!F6+HH!J6+HH!N6+HH!R6+HH!V6+HH!Z6+HH!AD6+HH!AH6+HH!AL6))*1000000 -> 7.2501113 | AD6: =((ACCIDENTES!AV6+ACCIDENTES!AQ6+ACCIDENTES!AL6+ACCIDENTES!AG6+ACCIDENTES!AB6+ACCIDENTES!W6+ACCIDENTES!R6+ACCIDENTES!M6+ACCIDENTES!H6+ACCIDENTES!C6)/(HH!F6+HH!J6+HH!N6+HH!R6+HH!V6+HH!Z6+HH!AD6+HH!AH6+HH!AL6+HH!AP6))*1000000 -> 2.1645291 | AE6: =((ACCIDENTES!D6+ACCIDENTES!I6+ACCIDENTES!N6+ACCIDENTES!S6+ACCIDENTES!X6+ACCIDENTES!AC6+ACCIDENTES!AH6+ACCIDENTES!AM6+ACCIDENTES!AR6+ACCIDENTES!AW6)/(HH!AP6+HH!AL6+HH!AH6+HH!AD6+HH!Z6+HH!V6+HH!R6+HH!N6+HH!J6+HH!F6))*1000000 -> 56.277757 | AF6: =((ACCIDENTES!AY6+ACCIDENTES!AT6+ACCIDENTES!AO6+ACCIDENTES!AJ6+ACCIDENTES!AE6+ACCIDENTES!Z6+ACCIDENTES!U6+ACCIDENTES!P6+ACCIDENTES!K6+ACCIDENTES!F6)/(HH!F6+HH!J6+HH!N6+HH!R6+HH!V6+HH!Z6+HH!AD6+HH!AH6+HH!AL6+HH!AP6))*1000000 -> 6.4935873 | AG6: =((ACCIDENTES!BA6+ACCIDENTES!AV6+ACCIDENTES!AQ6+ACCIDENTES!AL6+ACCIDENTES!AG6+ACCIDENTES!AB6+ACCIDENTES!W6+ACCIDENTES!R6+ACCIDENTES!M6+ACCIDENTES!H6+ACCIDENTES!C6)/(HH!AT6+HH!AP6+HH!AL6+HH!AH6+HH!AD6+HH!Z6+HH!V6+HH!R6+HH!N6+HH!J6+HH!F6))*1000000 -> 1.9630447 | AH6: =((ACCIDENTES!D6+ACCIDENTES!I6+ACCIDENTES!N6+ACCIDENTES!S6+ACCIDENTES!X6+ACCIDENTES!AC6+ACCIDENTES!AH6+ACCIDENTES!AM6+ACCIDENTES!AR6+ACCIDENTES!AW6+ACCIDENTES!BB6)/(HH!F6+HH!J6+HH!N6+HH!R6+HH!V6+HH!Z6+HH!AD6+HH!AH6+HH!AL6+HH!AP6+HH!AT6))*1000000 -> 51.039162 | AI6: =((ACCIDENTES!BD6+ACCIDENTES!AY6+ACCIDENTES!AT6+ACCIDENTES!AO6+ACCIDENTES!AJ6+ACCIDENTES!AE6+ACCIDENTES!Z6+ACCIDENTES!U6+ACCIDENTES!P6+ACCIDENTES!K6+ACCIDENTES!F6)/(HH!F6+HH!J6+HH!N6+HH!R6+HH!V6+HH!Z6+HH!AD6+HH!AH6+HH!AL6+HH!AP6+HH!AT6))*1000000 -> 7.8521788 | AJ6: =(ACCIDENTES!BK6/HH!BB6)*1000000 -> 1.800031 | AK6: =(ACCIDENTES!BL6/HH!BB6)*1000000 -> 46.800805 | AL6: =(ACCIDENTES!BN6/HH!BB6)*1000000 -> 7.2001238 | AN6: =AW6 -> 13.169767 | AO6: =BA6 -> 147.35403 | AR6: 20.261179 | AS6: 327.86272 | AT6: 4.8 | AV6: 10.13059 | AW6: 13.169767 | AX6: 14.182826 | AZ6: 128.93478 | BA6: 147.35403 | BB6: 165.77329
A7: ALICORP SAA | B7: GALLETERIA&INSTANT. | C7: =(ACCIDENTES!C7/HH!F7)*1000000 -> 0 | D7: =(ACCIDENTES!D7/HH!F7)*1000000 -> 0 | E7: =(ACCIDENTES!F7/HH!F7)*1000000 -> 38.287287 | F7: =((ACCIDENTES!C7+ACCIDENTES!H7)/(HH!F7+HH!J7))*1000000 -> 12.982616 | G7: =((ACCIDENTES!D7+ACCIDENTES!I7)/(HH!F7+HH!J7))*1000000 -> 207.72185 | H7: =((ACCIDENTES!F7+ACCIDENTES!K7)/(HH!F7+HH!J7))*1000000 -> 32.456539 | I7: =((ACCIDENTES!C7+ACCIDENTES!H7+ACCIDENTES!M7)/(HH!F7+HH!J7+HH!N7))*1000000 -> 12.909625 | J7: =((ACCIDENTES!D7+ACCIDENTES!I7+ACCIDENTES!N7)/(HH!F7+HH!J7+HH!N7))*1000000 -> 172.12833 | K7: =((ACCIDENTES!F7+ACCIDENTES!K7+ACCIDENTES!P7)/(HH!J7+HH!N7+HH!F7))*1000000 -> 25.81925 | L7: =((ACCIDENTES!C7+ACCIDENTES!H7+ACCIDENTES!M7+ACCIDENTES!R7)/(HH!F7+HH!J7+HH!N7+HH!R7))*1000000 -> 9.550202 | M7: =((ACCIDENTES!D7+ACCIDENTES!I7+ACCIDENTES!N7+ACCIDENTES!S7)/(HH!F7+HH!J7+HH!N7+HH!R7))*1000000 -> 127.33603 | N7: =((ACCIDENTES!F7+ACCIDENTES!K7+ACCIDENTES!P7+ACCIDENTES!U7)/(HH!F7+HH!J7+HH!N7+HH!R7))*1000000 -> 22.283805 | O7: =((ACCIDENTES!C7+ACCIDENTES!H7+ACCIDENTES!M7+ACCIDENTES!R7+ACCIDENTES!W7)/(HH!F7+HH!J7+HH!N7+HH!R7+HH!V7))*1000000 -> 7.7560569 | P7: =(((ACCIDENTES!D7+ACCIDENTES!I7+ACCIDENTES!N7+ACCIDENTES!S7+ACCIDENTES!X7)/(HH!F7+HH!J7+HH!N7+HH!R7+HH!V7))*1000000) -> 103.41409 | Q7: =((ACCIDENTES!F7+ACCIDENTES!K7+ACCIDENTES!P7+ACCIDENTES!U7+ACCIDENTES!Z7)/(HH!F7+HH!J7+HH!N7+HH!R7+HH!V7))*1000000 -> 20.682818 | R7: =(ACCIDENTES!C7+ACCIDENTES!H7+ACCIDENTES!M7+ACCIDENTES!R7+ACCIDENTES!W7+ACCIDENTES!AB7)*1000000/(HH!F7+HH!J7+HH!N7+HH!R7+HH!V7+HH!Z7) -> 6.5829248 | S7: =(ACCIDENTES!D7+ACCIDENTES!I7+ACCIDENTES!N7+ACCIDENTES!S7+ACCIDENTES!X7+ACCIDENTES!AC7)*1000000/(HH!F7+HH!J7+HH!N7+HH!R7+HH!V7+HH!Z7) -> 87.772331 | T7: =(ACCIDENTES!F7+ACCIDENTES!K7+ACCIDENTES!P7+ACCIDENTES!U7+ACCIDENTES!Z7+ACCIDENTES!AE7)*1000000/(HH!F7+HH!J7+HH!N7+HH!R7+HH!V7+HH!Z7) -> 21.943083 | U7: =((ACCIDENTES!C7+ACCIDENTES!H7+ACCIDENTES!M7+ACCIDENTES!R7+ACCIDENTES!W7+ACCIDENTES!AB7+ACCIDENTES!AG7)/(HH!F7+HH!J7+HH!N7+HH!R7+HH!V7+HH!Z7+HH!AD7))*1000000 -> 5.6781781 | V7: =((ACCIDENTES!D7+ACCIDENTES!I7+ACCIDENTES!N7+ACCIDENTES!S7+ACCIDENTES!X7+ACCIDENTES!AC7+ACCIDENTES!AH7)/(HH!F7+HH!J7+HH!N7+HH!R7+HH!V7+HH!Z7+HH!AD7))*1000000 -> 75.709042 | W7: =((ACCIDENTES!F7+ACCIDENTES!K7+ACCIDENTES!P7+ACCIDENTES!U7+ACCIDENTES!Z7+ACCIDENTES!AE7+ACCIDENTES!AJ7)/(HH!F7+HH!J7+HH!N7+HH!R7+HH!V7+HH!Z7+HH!AD7))*1000000 -> 20.819986 | X7: =((ACCIDENTES!C7+ACCIDENTES!H7+ACCIDENTES!M7+ACCIDENTES!R7+ACCIDENTES!W7+ACCIDENTES!AB7+ACCIDENTES!AG7+ACCIDENTES!AL7)/(HH!F7+HH!J7+HH!N7+HH!R7+HH!V7+HH!Z7+HH!AD7+HH!AH7))*1000000 -> 4.999546 | Y7: =((ACCIDENTES!D7+ACCIDENTES!I7+ACCIDENTES!N7+ACCIDENTES!S7+ACCIDENTES!X7+ACCIDENTES!AC7+ACCIDENTES!AH7+ACCIDENTES!AM7)/(HH!F7+HH!J7+HH!N7+HH!R7+HH!V7+HH!Z7+HH!AD7+HH!AH7))*1000000 -> 66.660614 | Z7: =((ACCIDENTES!F7+ACCIDENTES!K7+ACCIDENTES!P7+ACCIDENTES!U7+ACCIDENTES!Z7+ACCIDENTES!AE7+ACCIDENTES!AJ7+ACCIDENTES!AO7)/(HH!F7+HH!J7+HH!N7+HH!R7+HH!V7+HH!Z7+HH!AD7+HH!AH7))*1000000 -> 21.6647 | AA7: =((ACCIDENTES!AQ7+ACCIDENTES!AL7+ACCIDENTES!AG7+ACCIDENTES!AB7+ACCIDENTES!W7+ACCIDENTES!R7+ACCIDENTES!M7+ACCIDENTES!H7+ACCIDENTES!C7)/(HH!AL7+HH!AH7+HH!AD7+HH!Z7+HH!V7+HH!R7+HH!N7+HH!J7+HH!F7))*1000000 -> 7.3893939 | AB7: =((ACCIDENTES!AR7+ACCIDENTES!AM7+ACCIDENTES!AH7+ACCIDENTES!AC7+ACCIDENTES!X7+ACCIDENTES!S7+ACCIDENTES!N7+ACCIDENTES!I7+ACCIDENTES!D7)/(HH!AL7+HH!AH7+HH!AD7+HH!Z7+HH!V7+HH!R7+HH!N7+HH!J7+HH!F7))*1000000 -> 96.062121 | AC7: =((ACCIDENTES!F7+ACCIDENTES!K7+ACCIDENTES!P7+ACCIDENTES!U7+ACCIDENTES!Z7+ACCIDENTES!AE7+ACCIDENTES!AJ7+ACCIDENTES!AO7+ACCIDENTES!AT7)/(HH!F7+HH!J7+HH!N7+HH!R7+HH!V7+HH!Z7+HH!AD7+HH!AH7+HH!AL7))*1000000 -> 26.601818 | AD7: =((ACCIDENTES!AV7+ACCIDENTES!AQ7+ACCIDENTES!AL7+ACCIDENTES!AG7+ACCIDENTES!AB7+ACCIDENTES!W7+ACCIDENTES!R7+ACCIDENTES!M7+ACCIDENTES!H7+ACCIDENTES!C7)/(HH!F7+HH!J7+HH!N7+HH!R7+HH!V7+HH!Z7+HH!AD7+HH!AH7+HH!AL7+HH!AP7))*1000000 -> 9.3181822 | AE7: =((ACCIDENTES!D7+ACCIDENTES!I7+ACCIDENTES!N7+ACCIDENTES!S7+ACCIDENTES!X7+ACCIDENTES!AC7+ACCIDENTES!AH7+ACCIDENTES!AM7+ACCIDENTES!AR7+ACCIDENTES!AW7)/(HH!AP7+HH!AL7+HH!AH7+HH!AD7+HH!Z7+HH!V7+HH!R7+HH!N7+HH!J7+HH!F7))*1000000 -> 126.46104 | AF7: =((ACCIDENTES!AY7+ACCIDENTES!AT7+ACCIDENTES!AO7+ACCIDENTES!AJ7+ACCIDENTES!AE7+ACCIDENTES!Z7+ACCIDENTES!U7+ACCIDENTES!P7+ACCIDENTES!K7+ACCIDENTES!F7)/(HH!F7+HH!J7+HH!N7+HH!R7+HH!V7+HH!Z7+HH!AD7+HH!AH7+HH!AL7+HH!AP7))*1000000 -> 30.616884 | AG7: =((ACCIDENTES!BA7+ACCIDENTES!AV7+ACCIDENTES!AQ7+ACCIDENTES!AL7+ACCIDENTES!AG7+ACCIDENTES!AB7+ACCIDENTES!W7+ACCIDENTES!R7+ACCIDENTES!M7+ACCIDENTES!H7+ACCIDENTES!C7)/(HH!AT7+HH!AP7+HH!AL7+HH!AH7+HH!AD7+HH!Z7+HH!V7+HH!R7+HH!N7+HH!J7+HH!F7))*1000000 -> 8.4877963 | AH7: =((ACCIDENTES!D7+ACCIDENTES!I7+ACCIDENTES!N7+ACCIDENTES!S7+ACCIDENTES!X7+ACCIDENTES!AC7+ACCIDENTES!AH7+ACCIDENTES!AM7+ACCIDENTES!AR7+ACCIDENTES!AW7+ACCIDENTES!BB7)/(HH!F7+HH!J7+HH!N7+HH!R7+HH!V7+HH!Z7+HH!AD7+HH!AH7+HH!AL7+HH!AP7+HH!AT7))*1000000 -> 115.19152 | AI7: =((ACCIDENTES!BD7+ACCIDENTES!AY7+ACCIDENTES!AT7+ACCIDENTES!AO7+ACCIDENTES!AJ7+ACCIDENTES!AE7+ACCIDENTES!Z7+ACCIDENTES!U7+ACCIDENTES!P7+ACCIDENTES!K7+ACCIDENTES!F7)/(HH!F7+HH!J7+HH!N7+HH!R7+HH!V7+HH!Z7+HH!AD7+HH!AH7+HH!AL7+HH!AP7+HH!AT7))*1000000 -> 29.101016 | AJ7: =(ACCIDENTES!BK7/HH!BB7)*1000000 -> 7.9250384 | AK7: =(ACCIDENTES!BL7/HH!BB7)*1000000 -> 107.55409 | AL7: =(ACCIDENTES!BN7/HH!BB7)*1000000 -> 28.303708 | AN7: =AW7 -> 7.8338549 | AO7: =BA7 -> 44.866623 | AR7: 11.191221 | AS7: un | AT7: 3.3 | AV7: 6.7147328 | AW7: 7.8338549 | AX7: 8.952977 | AZ7: 38.457106 | BA7: 44.866623 | BB7: 51.276141
A8: ALICORP SAA | B8: FIDEERIA LIMA | C8: =(ACCIDENTES!C8/HH!F8)*1000000 -> 0 | D8: =(ACCIDENTES!D8/HH!F8)*1000000 -> 0 | E8: =(ACCIDENTES!F8/HH!F8)*1000000 -> 0 | F8: =((ACCIDENTES!C8+ACCIDENTES!H8)/(HH!F8+HH!J8))*1000000 -> 0 | G8: =((ACCIDENTES!D8+ACCIDENTES!I8)/(HH!F8+HH!J8))*1000000 -> 0 | H8: =((ACCIDENTES!F8+ACCIDENTES!K8)/(HH!F8+HH!J8))*1000000 -> 0 | I8: =((ACCIDENTES!C8+ACCIDENTES!H8+ACCIDENTES!M8)/(HH!F8+HH!J8+HH!N8))*1000000 -> 0 | J8: =((ACCIDENTES!D8+ACCIDENTES!I8+ACCIDENTES!N8)/(HH!F8+HH!J8+HH!N8))*1000000 -> 0 | K8: =((ACCIDENTES!F8+ACCIDENTES!K8+ACCIDENTES!P8)/(HH!J8+HH!N8+HH!F8))*1000000 -> 0 | L8: =((ACCIDENTES!C8+ACCIDENTES!H8+ACCIDENTES!M8+ACCIDENTES!R8)/(HH!F8+HH!J8+HH!N8+HH!R8))*1000000 -> 0 | M8: =((ACCIDENTES!D8+ACCIDENTES!I8+ACCIDENTES!N8+ACCIDENTES!S8)/(HH!F8+HH!J8+HH!N8+HH!R8))*1000000 -> 0 | N8: =((ACCIDENTES!F8+ACCIDENTES!K8+ACCIDENTES!P8+ACCIDENTES!U8)/(HH!F8+HH!J8+HH!N8+HH!R8))*1000000 -> 0 | O8: =((ACCIDENTES!C8+ACCIDENTES!H8+ACCIDENTES!M8+ACCIDENTES!R8+ACCIDENTES!W8)/(HH!F8+HH!J8+HH!N8+HH!R8+HH!V8))*1000000 -> 0 | P8: =(((ACCIDENTES!D8+ACCIDENTES!I8+ACCIDENTES!N8+ACCIDENTES!S8+ACCIDENTES!X8)/(HH!F8+HH!J8+HH!N8+HH!R8+HH!V8))*1000000) -> 0 | Q8: =((ACCIDENTES!F8+ACCIDENTES!K8+ACCIDENTES!P8+ACCIDENTES!U8+ACCIDENTES!Z8)/(HH!F8+HH!J8+HH!N8+HH!R8+HH!V8))*1000000 -> 0 | R8: =(ACCIDENTES!C8+ACCIDENTES!H8+ACCIDENTES!M8+ACCIDENTES!R8+ACCIDENTES!W8+ACCIDENTES!AB8)*1000000/(HH!F8+HH!J8+HH!N8+HH!R8+HH!V8+HH!Z8) -> 0 | S8: =(ACCIDENTES!D8+ACCIDENTES!I8+ACCIDENTES!N8+ACCIDENTES!S8+ACCIDENTES!X8+ACCIDENTES!AC8)*1000000/(HH!F8+HH!J8+HH!N8+HH!R8+HH!V8+HH!Z8) -> 0 | T8: =(ACCIDENTES!F8+ACCIDENTES!K8+ACCIDENTES!P8+ACCIDENTES!U8+ACCIDENTES!Z8+ACCIDENTES!AE8)*1000000/(HH!F8+HH!J8+HH!N8+HH!R8+HH!V8+HH!Z8) -> 0 | U8: =((ACCIDENTES!C8+ACCIDENTES!H8+ACCIDENTES!M8+ACCIDENTES!R8+ACCIDENTES!W8+ACCIDENTES!AB8+ACCIDENTES!AG8)/(HH!F8+HH!J8+HH!N8+HH!R8+HH!V8+HH!Z8+HH!AD8))*1000000 -> 0 | V8: =((ACCIDENTES!D8+ACCIDENTES!I8+ACCIDENTES!N8+ACCIDENTES!S8+ACCIDENTES!X8+ACCIDENTES!AC8+ACCIDENTES!AH8)/(HH!F8+HH!J8+HH!N8+HH!R8+HH!V8+HH!Z8+HH!AD8))*1000000 -> 0 | W8: =((ACCIDENTES!F8+ACCIDENTES!K8+ACCIDENTES!P8+ACCIDENTES!U8+ACCIDENTES!Z8+ACCIDENTES!AE8+ACCIDENTES!AJ8)/(HH!F8+HH!J8+HH!N8+HH!R8+HH!V8+HH!Z8+HH!AD8))*1000000 -> 0 | X8: =((ACCIDENTES!C8+ACCIDENTES!H8+ACCIDENTES!M8+ACCIDENTES!R8+ACCIDENTES!W8+ACCIDENTES!AB8+ACCIDENTES!AG8+ACCIDENTES!AL8)/(HH!F8+HH!J8+HH!N8+HH!R8+HH!V8+HH!Z8+HH!AD8+HH!AH8))*1000000 -> 3.5616024 | Y8: =((ACCIDENTES!D8+ACCIDENTES!I8+ACCIDENTES!N8+ACCIDENTES!S8+ACCIDENTES!X8+ACCIDENTES!AC8+ACCIDENTES!AH8+ACCIDENTES!AM8)/(HH!F8+HH!J8+HH!N8+HH!R8+HH!V8+HH!Z8+HH!AD8+HH!AH8))*1000000 -> 334.79062 | Z8: =((ACCIDENTES!F8+ACCIDENTES!K8+ACCIDENTES!P8+ACCIDENTES!U8+ACCIDENTES!Z8+ACCIDENTES!AE8+ACCIDENTES!AJ8+ACCIDENTES!AO8)/(HH!F8+HH!J8+HH!N8+HH!R8+HH!V8+HH!Z8+HH!AD8+HH!AH8))*1000000 -> 3.5616024 | AA8: =((ACCIDENTES!AQ8+ACCIDENTES!AL8+ACCIDENTES!AG8+ACCIDENTES!AB8+ACCIDENTES!W8+ACCIDENTES!R8+ACCIDENTES!M8+ACCIDENTES!H8+ACCIDENTES!C8)/(HH!AL8+HH!AH8+HH!AD8+HH!Z8+HH!V8+HH!R8+HH!N8+HH!J8+HH!F8))*1000000 -> 3.1662102 | AB8: =((ACCIDENTES!AR8+ACCIDENTES!AM8+ACCIDENTES!AH8+ACCIDENTES!AC8+ACCIDENTES!X8+ACCIDENTES!S8+ACCIDENTES!N8+ACCIDENTES!I8+ACCIDENTES!D8)/(HH!AL8+HH!AH8+HH!AD8+HH!Z8+HH!V8+HH!R8+HH!N8+HH!J8+HH!F8))*1000000 -> 297.62376 | AC8: =((ACCIDENTES!F8+ACCIDENTES!K8+ACCIDENTES!P8+ACCIDENTES!U8+ACCIDENTES!Z8+ACCIDENTES!AE8+ACCIDENTES!AJ8+ACCIDENTES!AO8+ACCIDENTES!AT8)/(HH!F8+HH!J8+HH!N8+HH!R8+HH!V8+HH!Z8+HH!AD8+HH!AH8+HH!AL8))*1000000 -> 3.1662102 | AD8: =((ACCIDENTES!AV8+ACCIDENTES!AQ8+ACCIDENTES!AL8+ACCIDENTES!AG8+ACCIDENTES!AB8+ACCIDENTES!W8+ACCIDENTES!R8+ACCIDENTES!M8+ACCIDENTES!H8+ACCIDENTES!C8)/(HH!F8+HH!J8+HH!N8+HH!R8+HH!V8+HH!Z8+HH!AD8+HH!AH8+HH!AL8+HH!AP8))*1000000 -> 5.6870043 | AE8: =((ACCIDENTES!D8+ACCIDENTES!I8+ACCIDENTES!N8+ACCIDENTES!S8+ACCIDENTES!X8+ACCIDENTES!AC8+ACCIDENTES!AH8+ACCIDENTES!AM8+ACCIDENTES!AR8+ACCIDENTES!AW8)/(HH!AP8+HH!AL8+HH!AH8+HH!AD8+HH!Z8+HH!V8+HH!R8+HH!N8+HH!J8+HH!F8))*1000000 -> 272.97621 | AF8: =((ACCIDENTES!AY8+ACCIDENTES!AT8+ACCIDENTES!AO8+ACCIDENTES!AJ8+ACCIDENTES!AE8+ACCIDENTES!Z8+ACCIDENTES!U8+ACCIDENTES!P8+ACCIDENTES!K8+ACCIDENTES!F8)/(HH!F8+HH!J8+HH!N8+HH!R8+HH!V8+HH!Z8+HH!AD8+HH!AH8+HH!AL8+HH!AP8))*1000000 -> 5.6870043 | AG8: =((ACCIDENTES!BA8+ACCIDENTES!AV8+ACCIDENTES!AQ8+ACCIDENTES!AL8+ACCIDENTES!AG8+ACCIDENTES!AB8+ACCIDENTES!W8+ACCIDENTES!R8+ACCIDENTES!M8+ACCIDENTES!H8+ACCIDENTES!C8)/(HH!AT8+HH!AP8+HH!AL8+HH!AH8+HH!AD8+HH!Z8+HH!V8+HH!R8+HH!N8+HH!J8+HH!F8))*1000000 -> 7.7352183 | AH8: =((ACCIDENTES!D8+ACCIDENTES!I8+ACCIDENTES!N8+ACCIDENTES!S8+ACCIDENTES!X8+ACCIDENTES!AC8+ACCIDENTES!AH8+ACCIDENTES!AM8+ACCIDENTES!AR8+ACCIDENTES!AW8+ACCIDENTES!BB8)/(HH!F8+HH!J8+HH!N8+HH!R8+HH!V8+HH!Z8+HH!AD8+HH!AH8+HH!AL8+HH!AP8+HH!AT8))*1000000 -> 252.6838 | AI8: =((ACCIDENTES!BD8+ACCIDENTES!AY8+ACCIDENTES!AT8+ACCIDENTES!AO8+ACCIDENTES!AJ8+ACCIDENTES!AE8+ACCIDENTES!Z8+ACCIDENTES!U8+ACCIDENTES!P8+ACCIDENTES!K8+ACCIDENTES!F8)/(HH!F8+HH!J8+HH!N8+HH!R8+HH!V8+HH!Z8+HH!AD8+HH!AH8+HH!AL8+HH!AP8+HH!AT8))*1000000 -> 7.7352183 | AJ8: =(ACCIDENTES!BK8/HH!BB8)*1000000 -> 9.523322 | AK8: =(ACCIDENTES!BL8/HH!BB8)*1000000 -> 235.70222 | AL8: =(ACCIDENTES!BN8/HH!BB8)*1000000 -> 9.523322 | AN8: =AW8 -> 0 | AO8: =BA8 -> 0 | AR8: 0 | AS8: 0 | AT8: 0.5 | AV8: 0 | AW8: 0 | AX8: 2.4706816 | AZ8: 0 | BA8: 0 | BB8: 61.76704
A9: ALICORP SAA | B9: COPSA | C9: =(ACCIDENTES!C9/HH!F9)*1000000 -> 6.168845 | D9: =(ACCIDENTES!D9/HH!F9)*1000000 -> 1110.3921 | E9: =(ACCIDENTES!F9/HH!F9)*1000000 -> 6.168845 | F9: =((ACCIDENTES!C9+ACCIDENTES!H9)/(HH!F9+HH!J9))*1000000 -> 3.1556796 | G9: =((ACCIDENTES!D9+ACCIDENTES!I9)/(HH!F9+HH!J9))*1000000 -> 568.02233 | H9: =((ACCIDENTES!F9+ACCIDENTES!K9)/(HH!F9+HH!J9))*1000000 -> 3.1556796 | I9: =((ACCIDENTES!C9+ACCIDENTES!H9+ACCIDENTES!M9)/(HH!F9+HH!J9+HH!N9))*1000000 -> 2.113398 | J9: =((ACCIDENTES!D9+ACCIDENTES!I9+ACCIDENTES!N9)/(HH!F9+HH!J9+HH!N9))*1000000 -> 380.41163 | K9: =((ACCIDENTES!F9+ACCIDENTES!K9+ACCIDENTES!P9)/(HH!J9+HH!N9+HH!F9))*1000000 -> 2.113398 | L9: =((ACCIDENTES!C9+ACCIDENTES!H9+ACCIDENTES!M9+ACCIDENTES!R9)/(HH!F9+HH!J9+HH!N9+HH!R9))*1000000 -> 1.561831 | M9: =((ACCIDENTES!D9+ACCIDENTES!I9+ACCIDENTES!N9+ACCIDENTES!S9)/(HH!F9+HH!J9+HH!N9+HH!R9))*1000000 -> 281.12958 | N9: =((ACCIDENTES!F9+ACCIDENTES!K9+ACCIDENTES!P9+ACCIDENTES!U9)/(HH!F9+HH!J9+HH!N9+HH!R9))*1000000 -> 4.6854929 | O9: =((ACCIDENTES!C9+ACCIDENTES!H9+ACCIDENTES!M9+ACCIDENTES!R9+ACCIDENTES!W9)/(HH!F9+HH!J9+HH!N9+HH!R9+HH!V9))*1000000 -> 1.2359177 | P9: =(((ACCIDENTES!D9+ACCIDENTES!I9+ACCIDENTES!N9+ACCIDENTES!S9+ACCIDENTES!X9)/(HH!F9+HH!J9+HH!N9+HH!R9+HH!V9))*1000000) -> 222.46519 | Q9: =((ACCIDENTES!F9+ACCIDENTES!K9+ACCIDENTES!P9+ACCIDENTES!U9+ACCIDENTES!Z9)/(HH!F9+HH!J9+HH!N9+HH!R9+HH!V9))*1000000 -> 3.7077532 | R9: =(ACCIDENTES!C9+ACCIDENTES!H9+ACCIDENTES!M9+ACCIDENTES!R9+ACCIDENTES!W9+ACCIDENTES!AB9)*1000000/(HH!F9+HH!J9+HH!N9+HH!R9+HH!V9+HH!Z9) -> 1.0301838 | S9: =(ACCIDENTES!D9+ACCIDENTES!I9+ACCIDENTES!N9+ACCIDENTES!S9+ACCIDENTES!X9+ACCIDENTES!AC9)*1000000/(HH!F9+HH!J9+HH!N9+HH!R9+HH!V9+HH!Z9) -> 185.43309 | T9: =(ACCIDENTES!F9+ACCIDENTES!K9+ACCIDENTES!P9+ACCIDENTES!U9+ACCIDENTES!Z9+ACCIDENTES!AE9)*1000000/(HH!F9+HH!J9+HH!N9+HH!R9+HH!V9+HH!Z9) -> 3.0905515 | U9: =((ACCIDENTES!C9+ACCIDENTES!H9+ACCIDENTES!M9+ACCIDENTES!R9+ACCIDENTES!W9+ACCIDENTES!AB9+ACCIDENTES!AG9)/(HH!F9+HH!J9+HH!N9+HH!R9+HH!V9+HH!Z9+HH!AD9))*1000000 -> 0.88413183 | V9: =((ACCIDENTES!D9+ACCIDENTES!I9+ACCIDENTES!N9+ACCIDENTES!S9+ACCIDENTES!X9+ACCIDENTES!AC9+ACCIDENTES!AH9)/(HH!F9+HH!J9+HH!N9+HH!R9+HH!V9+HH!Z9+HH!AD9))*1000000 -> 159.14373 | W9: =((ACCIDENTES!F9+ACCIDENTES!K9+ACCIDENTES!P9+ACCIDENTES!U9+ACCIDENTES!Z9+ACCIDENTES!AE9+ACCIDENTES!AJ9)/(HH!F9+HH!J9+HH!N9+HH!R9+HH!V9+HH!Z9+HH!AD9))*1000000 -> 3.5365273 | X9: =((ACCIDENTES!C9+ACCIDENTES!H9+ACCIDENTES!M9+ACCIDENTES!R9+ACCIDENTES!W9+ACCIDENTES!AB9+ACCIDENTES!AG9+ACCIDENTES!AL9)/(HH!F9+HH!J9+HH!N9+HH!R9+HH!V9+HH!Z9+HH!AD9+HH!AH9))*1000000 -> 1.5491452 | Y9: =((ACCIDENTES!D9+ACCIDENTES!I9+ACCIDENTES!N9+ACCIDENTES!S9+ACCIDENTES!X9+ACCIDENTES!AC9+ACCIDENTES!AH9+ACCIDENTES!AM9)/(HH!F9+HH!J9+HH!N9+HH!R9+HH!V9+HH!Z9+HH!AD9+HH!AH9))*1000000 -> 244.76494 | Z9: =((ACCIDENTES!F9+ACCIDENTES!K9+ACCIDENTES!P9+ACCIDENTES!U9+ACCIDENTES!Z9+ACCIDENTES!AE9+ACCIDENTES!AJ9+ACCIDENTES!AO9)/(HH!F9+HH!J9+HH!N9+HH!R9+HH!V9+HH!Z9+HH!AD9+HH!AH9))*1000000 -> 3.872863 | AA9: =((ACCIDENTES!AQ9+ACCIDENTES!AL9+ACCIDENTES!AG9+ACCIDENTES!AB9+ACCIDENTES!W9+ACCIDENTES!R9+ACCIDENTES!M9+ACCIDENTES!H9+ACCIDENTES!C9)/(HH!AL9+HH!AH9+HH!AD9+HH!Z9+HH!V9+HH!R9+HH!N9+HH!J9+HH!F9))*1000000 -> 4.129047 | AB9: =((ACCIDENTES!AR9+ACCIDENTES!AM9+ACCIDENTES!AH9+ACCIDENTES!AC9+ACCIDENTES!X9+ACCIDENTES!S9+ACCIDENTES!N9+ACCIDENTES!I9+ACCIDENTES!D9)/(HH!AL9+HH!AH9+HH!AD9+HH!Z9+HH!V9+HH!R9+HH!N9+HH!J9+HH!F9))*1000000 -> 227.78576 | AC9: =((ACCIDENTES!F9+ACCIDENTES!K9+ACCIDENTES!P9+ACCIDENTES!U9+ACCIDENTES!Z9+ACCIDENTES!AE9+ACCIDENTES!AJ9+ACCIDENTES!AO9+ACCIDENTES!AT9)/(HH!F9+HH!J9+HH!N9+HH!R9+HH!V9+HH!Z9+HH!AD9+HH!AH9+HH!AL9))*1000000 -> 7.5699196 | AD9: =((ACCIDENTES!AV9+ACCIDENTES!AQ9+ACCIDENTES!AL9+ACCIDENTES!AG9+ACCIDENTES!AB9+ACCIDENTES!W9+ACCIDENTES!R9+ACCIDENTES!M9+ACCIDENTES!H9+ACCIDENTES!C9)/(HH!F9+HH!J9+HH!N9+HH!R9+HH!V9+HH!Z9+HH!AD9+HH!AH9+HH!AL9+HH!AP9))*1000000 -> 4.3202921 | AE9: =((ACCIDENTES!D9+ACCIDENTES!I9+ACCIDENTES!N9+ACCIDENTES!S9+ACCIDENTES!X9+ACCIDENTES!AC9+ACCIDENTES!AH9+ACCIDENTES!AM9+ACCIDENTES!AR9+ACCIDENTES!AW9)/(HH!AP9+HH!AL9+HH!AH9+HH!AD9+HH!Z9+HH!V9+HH!R9+HH!N9+HH!J9+HH!F9))*1000000 -> 209.22558 | AF9: =((ACCIDENTES!AY9+ACCIDENTES!AT9+ACCIDENTES!AO9+ACCIDENTES!AJ9+ACCIDENTES!AE9+ACCIDENTES!Z9+ACCIDENTES!U9+ACCIDENTES!P9+ACCIDENTES!K9+ACCIDENTES!F9)/(HH!F9+HH!J9+HH!N9+HH!R9+HH!V9+HH!Z9+HH!AD9+HH!AH9+HH!AL9+HH!AP9))*1000000 -> 7.4062151 | AG9: =((ACCIDENTES!BA9+ACCIDENTES!AV9+ACCIDENTES!AQ9+ACCIDENTES!AL9+ACCIDENTES!AG9+ACCIDENTES!AB9+ACCIDENTES!W9+ACCIDENTES!R9+ACCIDENTES!M9+ACCIDENTES!H9+ACCIDENTES!C9)/(HH!AT9+HH!AP9+HH!AL9+HH!AH9+HH!AD9+HH!Z9+HH!V9+HH!R9+HH!N9+HH!J9+HH!F9))*1000000 -> 3.920495 | AH9: =((ACCIDENTES!D9+ACCIDENTES!I9+ACCIDENTES!N9+ACCIDENTES!S9+ACCIDENTES!X9+ACCIDENTES!AC9+ACCIDENTES!AH9+ACCIDENTES!AM9+ACCIDENTES!AR9+ACCIDENTES!AW9+ACCIDENTES!BB9)/(HH!F9+HH!J9+HH!N9+HH!R9+HH!V9+HH!Z9+HH!AD9+HH!AH9+HH!AL9+HH!AP9+HH!AT9))*1000000 -> 189.86397 | AI9: =((ACCIDENTES!BD9+ACCIDENTES!AY9+ACCIDENTES!AT9+ACCIDENTES!AO9+ACCIDENTES!AJ9+ACCIDENTES!AE9+ACCIDENTES!Z9+ACCIDENTES!U9+ACCIDENTES!P9+ACCIDENTES!K9+ACCIDENTES!F9)/(HH!F9+HH!J9+HH!N9+HH!R9+HH!V9+HH!Z9+HH!AD9+HH!AH9+HH!AL9+HH!AP9+HH!AT9))*1000000 -> 7.8409901 | AJ9: =(ACCIDENTES!BK9/HH!BB9)*1000000 -> 3.584975 | AK9: =(ACCIDENTES!BL9/HH!BB9)*1000000 -> 173.61522 | AL9: =(ACCIDENTES!BN9/HH!BB9)*1000000 -> 7.6820893 | AN9: =AW9 -> 2.4177655 | AO9: =BA9 -> 20.853227 | AR9: 3.6236357 | AS9: 31.253858 | AT9: 1.3 | AV9: 2.0723704 | AW9: 2.4177655 | AX9: 2.7631606 | AZ9: 17.874195 | BA9: 20.853227 | BB9: 23.83226
A10: ALICORP SAA | B10: DETERGENTES | C10: =(ACCIDENTES!C10/HH!F10)*1000000 -> 28.67548 | D10: =(ACCIDENTES!D10/HH!F10)*1000000 -> 5161.5863 | E10: =(ACCIDENTES!F10/HH!F10)*1000000 -> 28.67548 | F10: =((ACCIDENTES!C10+ACCIDENTES!H10)/(HH!F10+HH!J10))*1000000 -> 14.166112 | G10: =((ACCIDENTES!D10+ACCIDENTES!I10)/(HH!F10+HH!J10))*1000000 -> 2549.9001 | H10: =((ACCIDENTES!F10+ACCIDENTES!K10)/(HH!F10+HH!J10))*1000000 -> 14.166112 | I10: =((ACCIDENTES!C10+ACCIDENTES!H10+ACCIDENTES!M10)/(HH!F10+HH!J10+HH!N10))*1000000 -> 18.585288 | J10: =((ACCIDENTES!D10+ACCIDENTES!I10+ACCIDENTES!N10)/(HH!F10+HH!J10+HH!N10))*1000000 -> 1728.4318 | K10: =((ACCIDENTES!F10+ACCIDENTES!K10+ACCIDENTES!P10)/(HH!J10+HH!N10+HH!F10))*1000000 -> 18.585288 | L10: =((ACCIDENTES!C10+ACCIDENTES!H10+ACCIDENTES!M10+ACCIDENTES!R10)/(HH!F10+HH!J10+HH!N10+HH!R10))*1000000 -> 13.84984 | M10: =((ACCIDENTES!D10+ACCIDENTES!I10+ACCIDENTES!N10+ACCIDENTES!S10)/(HH!F10+HH!J10+HH!N10+HH!R10))*1000000 -> 1288.0351 | N10: =((ACCIDENTES!F10+ACCIDENTES!K10+ACCIDENTES!P10+ACCIDENTES!U10)/(HH!F10+HH!J10+HH!N10+HH!R10))*1000000 -> 20.77476 | O10: =((ACCIDENTES!C10+ACCIDENTES!H10+ACCIDENTES!M10+ACCIDENTES!R10+ACCIDENTES!W10)/(HH!F10+HH!J10+HH!N10+HH!R10+HH!V10))*1000000 -> 11.189719 | P10: =(((ACCIDENTES!D10+ACCIDENTES!I10+ACCIDENTES!N10+ACCIDENTES!S10+ACCIDENTES!X10)/(HH!F10+HH!J10+HH!N10+HH!R10+HH!V10))*1000000) -> 1040.6439 | Q10: =((ACCIDENTES!F10+ACCIDENTES!K10+ACCIDENTES!P10+ACCIDENTES!U10+ACCIDENTES!Z10)/(HH!F10+HH!J10+HH!N10+HH!R10+HH!V10))*1000000 -> 16.784578 | R10: =(ACCIDENTES!C10+ACCIDENTES!H10+ACCIDENTES!M10+ACCIDENTES!R10+ACCIDENTES!W10+ACCIDENTES!AB10)*1000000/(HH!F10+HH!J10+HH!N10+HH!R10+HH!V10+HH!Z10) -> 9.4057008 | S10: =(ACCIDENTES!D10+ACCIDENTES!I10+ACCIDENTES!N10+ACCIDENTES!S10+ACCIDENTES!X10+ACCIDENTES!AC10)*1000000/(HH!F10+HH!J10+HH!N10+HH!R10+HH!V10+HH!Z10) -> 874.73017 | T10: =(ACCIDENTES!F10+ACCIDENTES!K10+ACCIDENTES!P10+ACCIDENTES!U10+ACCIDENTES!Z10+ACCIDENTES!AE10)*1000000/(HH!F10+HH!J10+HH!N10+HH!R10+HH!V10+HH!Z10) -> 14.108551 | U10: =((ACCIDENTES!C10+ACCIDENTES!H10+ACCIDENTES!M10+ACCIDENTES!R10+ACCIDENTES!W10+ACCIDENTES!AB10+ACCIDENTES!AG10)/(HH!F10+HH!J10+HH!N10+HH!R10+HH!V10+HH!Z10+HH!AD10))*1000000 -> 8.0772019 | V10: =((ACCIDENTES!D10+ACCIDENTES!I10+ACCIDENTES!N10+ACCIDENTES!S10+ACCIDENTES!X10+ACCIDENTES!AC10+ACCIDENTES!AH10)/(HH!F10+HH!J10+HH!N10+HH!R10+HH!V10+HH!Z10+HH!AD10))*1000000 -> 751.17978 | W10: =((ACCIDENTES!F10+ACCIDENTES!K10+ACCIDENTES!P10+ACCIDENTES!U10+ACCIDENTES!Z10+ACCIDENTES!AE10+ACCIDENTES!AJ10)/(HH!F10+HH!J10+HH!N10+HH!R10+HH!V10+HH!Z10+HH!AD10))*1000000 -> 12.115803 | X10: =((ACCIDENTES!C10+ACCIDENTES!H10+ACCIDENTES!M10+ACCIDENTES!R10+ACCIDENTES!W10+ACCIDENTES!AB10+ACCIDENTES!AG10+ACCIDENTES!AL10)/(HH!F10+HH!J10+HH!N10+HH!R10+HH!V10+HH!Z10+HH!AD10+HH!AH10))*1000000 -> 7.1067271 | Y10: =((ACCIDENTES!D10+ACCIDENTES!I10+ACCIDENTES!N10+ACCIDENTES!S10+ACCIDENTES!X10+ACCIDENTES!AC10+ACCIDENTES!AH10+ACCIDENTES!AM10)/(HH!F10+HH!J10+HH!N10+HH!R10+HH!V10+HH!Z10+HH!AD10+HH!AH10))*1000000 -> 660.92562 | Z10: =((ACCIDENTES!F10+ACCIDENTES!K10+ACCIDENTES!P10+ACCIDENTES!U10+ACCIDENTES!Z10+ACCIDENTES!AE10+ACCIDENTES!AJ10+ACCIDENTES!AO10)/(HH!F10+HH!J10+HH!N10+HH!R10+HH!V10+HH!Z10+HH!AD10+HH!AH10))*1000000 -> 10.660091 | AA10: =((ACCIDENTES!AQ10+ACCIDENTES!AL10+ACCIDENTES!AG10+ACCIDENTES!AB10+ACCIDENTES!W10+ACCIDENTES!R10+ACCIDENTES!M10+ACCIDENTES!H10+ACCIDENTES!C10)/(HH!AL10+HH!AH10+HH!AD10+HH!Z10+HH!V10+HH!R10+HH!N10+HH!J10+HH!F10))*1000000 -> 6.3459427 | AB10: =((ACCIDENTES!AR10+ACCIDENTES!AM10+ACCIDENTES!AH10+ACCIDENTES!AC10+ACCIDENTES!X10+ACCIDENTES!S10+ACCIDENTES!N10+ACCIDENTES!I10+ACCIDENTES!D10)/(HH!AL10+HH!AH10+HH!AD10+HH!Z10+HH!V10+HH!R10+HH!N10+HH!J10+HH!F10))*1000000 -> 590.17267 | AC10: =((ACCIDENTES!F10+ACCIDENTES!K10+ACCIDENTES!P10+ACCIDENTES!U10+ACCIDENTES!Z10+ACCIDENTES!AE10+ACCIDENTES!AJ10+ACCIDENTES!AO10+ACCIDENTES!AT10)/(HH!F10+HH!J10+HH!N10+HH!R10+HH!V10+HH!Z10+HH!AD10+HH!AH10+HH!AL10))*1000000 -> 9.5189141 | AD10: =((ACCIDENTES!AV10+ACCIDENTES!AQ10+ACCIDENTES!AL10+ACCIDENTES!AG10+ACCIDENTES!AB10+ACCIDENTES!W10+ACCIDENTES!R10+ACCIDENTES!M10+ACCIDENTES!H10+ACCIDENTES!C10)/(HH!F10+HH!J10+HH!N10+HH!R10+HH!V10+HH!Z10+HH!AD10+HH!AH10+HH!AL10+HH!AP10))*1000000 -> 5.6945176 | AE10: =((ACCIDENTES!D10+ACCIDENTES!I10+ACCIDENTES!N10+ACCIDENTES!S10+ACCIDENTES!X10+ACCIDENTES!AC10+ACCIDENTES!AH10+ACCIDENTES!AM10+ACCIDENTES!AR10+ACCIDENTES!AW10)/(HH!AP10+HH!AL10+HH!AH10+HH!AD10+HH!Z10+HH!V10+HH!R10+HH!N10+HH!J10+HH!F10))*1000000 -> 529.59014 | AF10: =((ACCIDENTES!AY10+ACCIDENTES!AT10+ACCIDENTES!AO10+ACCIDENTES!AJ10+ACCIDENTES!AE10+ACCIDENTES!Z10+ACCIDENTES!U10+ACCIDENTES!P10+ACCIDENTES!K10+ACCIDENTES!F10)/(HH!F10+HH!J10+HH!N10+HH!R10+HH!V10+HH!Z10+HH!AD10+HH!AH10+HH!AL10+HH!AP10))*1000000 -> 8.5417764 | AG10: =((ACCIDENTES!BA10+ACCIDENTES!AV10+ACCIDENTES!AQ10+ACCIDENTES!AL10+ACCIDENTES!AG10+ACCIDENTES!AB10+ACCIDENTES!W10+ACCIDENTES!R10+ACCIDENTES!M10+ACCIDENTES!H10+ACCIDENTES!C10)/(HH!AT10+HH!AP10+HH!AL10+HH!AH10+HH!AD10+HH!Z10+HH!V10+HH!R10+HH!N10+HH!J10+HH!F10))*1000000 -> 5.1820318 | AH10: =((ACCIDENTES!D10+ACCIDENTES!I10+ACCIDENTES!N10+ACCIDENTES!S10+ACCIDENTES!X10+ACCIDENTES!AC10+ACCIDENTES!AH10+ACCIDENTES!AM10+ACCIDENTES!AR10+ACCIDENTES!AW10+ACCIDENTES!BB10)/(HH!F10+HH!J10+HH!N10+HH!R10+HH!V10+HH!Z10+HH!AD10+HH!AH10+HH!AL10+HH!AP10+HH!AT10))*1000000 -> 481.92896 | AI10: =((ACCIDENTES!BD10+ACCIDENTES!AY10+ACCIDENTES!AT10+ACCIDENTES!AO10+ACCIDENTES!AJ10+ACCIDENTES!AE10+ACCIDENTES!Z10+ACCIDENTES!U10+ACCIDENTES!P10+ACCIDENTES!K10+ACCIDENTES!F10)/(HH!F10+HH!J10+HH!N10+HH!R10+HH!V10+HH!Z10+HH!AD10+HH!AH10+HH!AL10+HH!AP10+HH!AT10))*1000000 -> 7.7730477 | AJ10: =(ACCIDENTES!BK10/HH!BB10)*1000000 -> 4.7549761 | AK10: =(ACCIDENTES!BL10/HH!BB10)*1000000 -> 442.21278 | AL10: =(ACCIDENTES!BN10/HH!BB10)*1000000 -> 7.1324641 | AN10: =AW10 -> 7.4660139 | AO10: =BA10 -> 99.546852 | AR10: 10.665734 | AS10: 142.20979 | AT10: 2.1 | AV10: 6.3994405 | AW10: 7.4660139 | AX10: 8.5325873 | AZ10: 85.325873 | BA10: 99.546852 | BB10: 113.76783
A11: ALICORP SAA | B11: SIDSUR | C11: =(ACCIDENTES!C11/HH!F11)*1000000 -> 0 | D11: =(ACCIDENTES!D11/HH!F11)*1000000 -> 0 | E11: =(ACCIDENTES!F11/HH!F11)*1000000 -> 0 | F11: =((ACCIDENTES!C11+ACCIDENTES!H11)/(HH!F11+HH!J11))*1000000 -> 0 | G11: =((ACCIDENTES!D11+ACCIDENTES!I11)/(HH!F11+HH!J11))*1000000 -> 0 | H11: =((ACCIDENTES!F11+ACCIDENTES!K11)/(HH!F11+HH!J11))*1000000 -> 0 | I11: =((ACCIDENTES!C11+ACCIDENTES!H11+ACCIDENTES!M11)/(HH!F11+HH!J11+HH!N11))*1000000 -> 0 | J11: =((ACCIDENTES!D11+ACCIDENTES!I11+ACCIDENTES!N11)/(HH!F11+HH!J11+HH!N11))*1000000 -> 0 | K11: =((ACCIDENTES!F11+ACCIDENTES!K11+ACCIDENTES!P11)/(HH!J11+HH!N11+HH!F11))*1000000 -> 26.161163 | L11: =((ACCIDENTES!C11+ACCIDENTES!H11+ACCIDENTES!M11+ACCIDENTES!R11)/(HH!F11+HH!J11+HH!N11+HH!R11))*1000000 -> 3.9100684 | M11: =((ACCIDENTES!D11+ACCIDENTES!I11+ACCIDENTES!N11+ACCIDENTES!S11)/(HH!F11+HH!J11+HH!N11+HH!R11))*1000000 -> 465.29814 | N11: =((ACCIDENTES!F11+ACCIDENTES!K11+ACCIDENTES!P11+ACCIDENTES!U11)/(HH!F11+HH!J11+HH!N11+HH!R11))*1000000 -> 23.460411 | O11: =((ACCIDENTES!C11+ACCIDENTES!H11+ACCIDENTES!M11+ACCIDENTES!R11+ACCIDENTES!W11)/(HH!F11+HH!J11+HH!N11+HH!R11+HH!V11))*1000000 -> 9.3479057 | P11: =(((ACCIDENTES!D11+ACCIDENTES!I11+ACCIDENTES!N11+ACCIDENTES!S11+ACCIDENTES!X11)/(HH!F11+HH!J11+HH!N11+HH!R11+HH!V11))*1000000) -> 414.42382 | Q11: =((ACCIDENTES!F11+ACCIDENTES!K11+ACCIDENTES!P11+ACCIDENTES!U11+ACCIDENTES!Z11)/(HH!F11+HH!J11+HH!N11+HH!R11+HH!V11))*1000000 -> 24.927748 | R11: =(ACCIDENTES!C11+ACCIDENTES!H11+ACCIDENTES!M11+ACCIDENTES!R11+ACCIDENTES!W11+ACCIDENTES!AB11)*1000000/(HH!F11+HH!J11+HH!N11+HH!R11+HH!V11+HH!Z11) -> 7.8560252 | S11: =(ACCIDENTES!D11+ACCIDENTES!I11+ACCIDENTES!N11+ACCIDENTES!S11+ACCIDENTES!X11+ACCIDENTES!AC11)*1000000/(HH!F11+HH!J11+HH!N11+HH!R11+HH!V11+HH!Z11) -> 348.28379 | T11: =(ACCIDENTES!F11+ACCIDENTES!K11+ACCIDENTES!P11+ACCIDENTES!U11+ACCIDENTES!Z11+ACCIDENTES!AE11)*1000000/(HH!F11+HH!J11+HH!N11+HH!R11+HH!V11+HH!Z11) -> 20.949401 | U11: =((ACCIDENTES!C11+ACCIDENTES!H11+ACCIDENTES!M11+ACCIDENTES!R11+ACCIDENTES!W11+ACCIDENTES!AB11+ACCIDENTES!AG11)/(HH!F11+HH!J11+HH!N11+HH!R11+HH!V11+HH!Z11+HH!AD11))*1000000 -> 6.7009757 | V11: =((ACCIDENTES!D11+ACCIDENTES!I11+ACCIDENTES!N11+ACCIDENTES!S11+ACCIDENTES!X11+ACCIDENTES!AC11+ACCIDENTES!AH11)/(HH!F11+HH!J11+HH!N11+HH!R11+HH!V11+HH!Z11+HH!AD11))*1000000 -> 297.07659 | W11: =((ACCIDENTES!F11+ACCIDENTES!K11+ACCIDENTES!P11+ACCIDENTES!U11+ACCIDENTES!Z11+ACCIDENTES!AE11+ACCIDENTES!AJ11)/(HH!F11+HH!J11+HH!N11+HH!R11+HH!V11+HH!Z11+HH!AD11))*1000000 -> 24.570244 | X11: =((ACCIDENTES!C11+ACCIDENTES!H11+ACCIDENTES!M11+ACCIDENTES!R11+ACCIDENTES!W11+ACCIDENTES!AB11+ACCIDENTES!AG11+ACCIDENTES!AL11)/(HH!F11+HH!J11+HH!N11+HH!R11+HH!V11+HH!Z11+HH!AD11+HH!AH11))*1000000 -> 5.8743362 | Y11: =((ACCIDENTES!D11+ACCIDENTES!I11+ACCIDENTES!N11+ACCIDENTES!S11+ACCIDENTES!X11+ACCIDENTES!AC11+ACCIDENTES!AH11+ACCIDENTES!AM11)/(HH!F11+HH!J11+HH!N11+HH!R11+HH!V11+HH!Z11+HH!AD11+HH!AH11))*1000000 -> 260.4289 | Z11: =((ACCIDENTES!F11+ACCIDENTES!K11+ACCIDENTES!P11+ACCIDENTES!U11+ACCIDENTES!Z11+ACCIDENTES!AE11+ACCIDENTES!AJ11+ACCIDENTES!AO11)/(HH!F11+HH!J11+HH!N11+HH!R11+HH!V11+HH!Z11+HH!AD11+HH!AH11))*1000000 -> 23.497345 | AA11: =((ACCIDENTES!AQ11+ACCIDENTES!AL11+ACCIDENTES!AG11+ACCIDENTES!AB11+ACCIDENTES!W11+ACCIDENTES!R11+ACCIDENTES!M11+ACCIDENTES!H11+ACCIDENTES!C11)/(HH!AL11+HH!AH11+HH!AD11+HH!Z11+HH!V11+HH!R11+HH!N11+HH!J11+HH!F11))*1000000 -> 5.203721 | AB11: =((ACCIDENTES!AR11+ACCIDENTES!AM11+ACCIDENTES!AH11+ACCIDENTES!AC11+ACCIDENTES!X11+ACCIDENTES!S11+ACCIDENTES!N11+ACCIDENTES!I11+ACCIDENTES!D11)/(HH!AL11+HH!AH11+HH!AD11+HH!Z11+HH!V11+HH!R11+HH!N11+HH!J11+HH!F11))*1000000 -> 230.6983 | AC11: =((ACCIDENTES!F11+ACCIDENTES!K11+ACCIDENTES!P11+ACCIDENTES!U11+ACCIDENTES!Z11+ACCIDENTES!AE11+ACCIDENTES!AJ11+ACCIDENTES!AO11+ACCIDENTES!AT11)/(HH!F11+HH!J11+HH!N11+HH!R11+HH!V11+HH!Z11+HH!AD11+HH!AH11+HH!AL11))*1000000 -> 20.814884 | AD11: =((ACCIDENTES!AV11+ACCIDENTES!AQ11+ACCIDENTES!AL11+ACCIDENTES!AG11+ACCIDENTES!AB11+ACCIDENTES!W11+ACCIDENTES!R11+ACCIDENTES!M11+ACCIDENTES!H11+ACCIDENTES!C11)/(HH!F11+HH!J11+HH!N11+HH!R11+HH!V11+HH!Z11+HH!AD11+HH!AH11+HH!AL11+HH!AP11))*1000000 -> 4.6728278 | AE11: =((ACCIDENTES!D11+ACCIDENTES!I11+ACCIDENTES!N11+ACCIDENTES!S11+ACCIDENTES!X11+ACCIDENTES!AC11+ACCIDENTES!AH11+ACCIDENTES!AM11+ACCIDENTES!AR11+ACCIDENTES!AW11)/(HH!AP11+HH!AL11+HH!AH11+HH!AD11+HH!Z11+HH!V11+HH!R11+HH!N11+HH!J11+HH!F11))*1000000 -> 207.16203 | AF11: =((ACCIDENTES!AY11+ACCIDENTES!AT11+ACCIDENTES!AO11+ACCIDENTES!AJ11+ACCIDENTES!AE11+ACCIDENTES!Z11+ACCIDENTES!U11+ACCIDENTES!P11+ACCIDENTES!K11+ACCIDENTES!F11)/(HH!F11+HH!J11+HH!N11+HH!R11+HH!V11+HH!Z11+HH!AD11+HH!AH11+HH!AL11+HH!AP11))*1000000 -> 20.24892 | AG11: =((ACCIDENTES!BA11+ACCIDENTES!AV11+ACCIDENTES!AQ11+ACCIDENTES!AL11+ACCIDENTES!AG11+ACCIDENTES!AB11+ACCIDENTES!W11+ACCIDENTES!R11+ACCIDENTES!M11+ACCIDENTES!H11+ACCIDENTES!C11)/(HH!AT11+HH!AP11+HH!AL11+HH!AH11+HH!AD11+HH!Z11+HH!V11+HH!R11+HH!N11+HH!J11+HH!F11))*1000000 -> 4.2546158 | AH11: =((ACCIDENTES!D11+ACCIDENTES!I11+ACCIDENTES!N11+ACCIDENTES!S11+ACCIDENTES!X11+ACCIDENTES!AC11+ACCIDENTES!AH11+ACCIDENTES!AM11+ACCIDENTES!AR11+ACCIDENTES!AW11+ACCIDENTES!BB11)/(HH!F11+HH!J11+HH!N11+HH!R11+HH!V11+HH!Z11+HH!AD11+HH!AH11+HH!AL11+HH!AP11+HH!AT11))*1000000 -> 188.6213 | AI11: =((ACCIDENTES!BD11+ACCIDENTES!AY11+ACCIDENTES!AT11+ACCIDENTES!AO11+ACCIDENTES!AJ11+ACCIDENTES!AE11+ACCIDENTES!Z11+ACCIDENTES!U11+ACCIDENTES!P11+ACCIDENTES!K11+ACCIDENTES!F11)/(HH!F11+HH!J11+HH!N11+HH!R11+HH!V11+HH!Z11+HH!AD11+HH!AH11+HH!AL11+HH!AP11+HH!AT11))*1000000 -> 19.854874 | AJ11: =(ACCIDENTES!BK11/HH!BB11)*1000000 -> 3.9318117 | AK11: =(ACCIDENTES!BL11/HH!BB11)*1000000 -> 174.31032 | AL11: =(ACCIDENTES!BN11/HH!BB11)*1000000 -> 18.348455 | AN11: =AW11 -> 3.9376626 | AO11: =BA11 -> 88.597409 | AR11: 5.6252323 | AS11: 198.28944 | AT11: 1.1 | AV11: 3.3751394 | AW11: 3.9376626 | AX11: 4.5001859 | AZ11: 75.940637 | BA11: 88.597409 | BB11: 101.25418
A12: ALICORP SAA | B12: MANUFACTURA ALICORP | C12: =(ACCIDENTES!C12/HH!F12)*1000000 -> 4.3808531 | D12: =(ACCIDENTES!D12/HH!F12)*1000000 -> 788.55355 | E12: =(ACCIDENTES!F12/HH!F12)*1000000 -> 10.952133 | F12: =((ACCIDENTES!C12+ACCIDENTES!H12)/(HH!F12+HH!J12))*1000000 -> 4.4485875 | G12: =((ACCIDENTES!D12+ACCIDENTES!I12)/(HH!F12+HH!J12))*1000000 -> 435.96158 | H12: =((ACCIDENTES!F12+ACCIDENTES!K12)/(HH!F12+HH!J12))*1000000 -> 7.7850281 | I12: =((ACCIDENTES!C12+ACCIDENTES!H12+ACCIDENTES!M12)/(HH!F12+HH!J12+HH!N12))*1000000 -> 4.4390487 | J12: =((ACCIDENTES!D12+ACCIDENTES!I12+ACCIDENTES!N12)/(HH!F12+HH!J12+HH!N12))*1000000 -> 300.37563 | K12: =((ACCIDENTES!F12+ACCIDENTES!K12+ACCIDENTES!P12)/(HH!J12+HH!N12+HH!F12))*1000000 -> 10.35778 | L12: =((ACCIDENTES!C12+ACCIDENTES!H12+ACCIDENTES!M12+ACCIDENTES!R12)/(HH!F12+HH!J12+HH!N12+HH!R12))*1000000 -> 3.8410536 | M12: =((ACCIDENTES!D12+ACCIDENTES!I12+ACCIDENTES!N12+ACCIDENTES!S12)/(HH!F12+HH!J12+HH!N12+HH!R12))*1000000 -> 288.07902 | N12: =((ACCIDENTES!F12+ACCIDENTES!K12+ACCIDENTES!P12+ACCIDENTES!U12)/(HH!F12+HH!J12+HH!N12+HH!R12))*1000000 -> 10.974439 | O12: =((ACCIDENTES!C12+ACCIDENTES!H12+ACCIDENTES!M12+ACCIDENTES!R12+ACCIDENTES!W12)/(HH!F12+HH!J12+HH!N12+HH!R12+HH!V12))*1000000 -> 4.3758451 | P12: =(((ACCIDENTES!D12+ACCIDENTES!I12+ACCIDENTES!N12+ACCIDENTES!S12+ACCIDENTES!X12)/(HH!F12+HH!J12+HH!N12+HH!R12+HH!V12))*1000000) -> 236.29564 | Q12: =((ACCIDENTES!F12+ACCIDENTES!K12+ACCIDENTES!P12+ACCIDENTES!U12+ACCIDENTES!Z12)/(HH!F12+HH!J12+HH!N12+HH!R12+HH!V12))*1000000 -> 10.502028 | R12: =(ACCIDENTES!C12+ACCIDENTES!H12+ACCIDENTES!M12+ACCIDENTES!R12+ACCIDENTES!W12+ACCIDENTES!AB12)*1000000/(HH!F12+HH!J12+HH!N12+HH!R12+HH!V12+HH!Z12) -> 4.029011 | S12: =(ACCIDENTES!D12+ACCIDENTES!I12+ACCIDENTES!N12+ACCIDENTES!S12+ACCIDENTES!X12+ACCIDENTES!AC12)*1000000/(HH!F12+HH!J12+HH!N12+HH!R12+HH!V12+HH!Z12) -> 207.31093 | T12: =(ACCIDENTES!F12+ACCIDENTES!K12+ACCIDENTES!P12+ACCIDENTES!U12+ACCIDENTES!Z12+ACCIDENTES!AE12)*1000000/(HH!F12+HH!J12+HH!N12+HH!R12+HH!V12+HH!Z12) -> 9.8893907 | U12: =((ACCIDENTES!C12+ACCIDENTES!H12+ACCIDENTES!M12+ACCIDENTES!R12+ACCIDENTES!W12+ACCIDENTES!AB12+ACCIDENTES!AG12)/(HH!F12+HH!J12+HH!N12+HH!R12+HH!V12+HH!Z12+HH!AD12))*1000000 -> 3.4557984 | V12: =((ACCIDENTES!D12+ACCIDENTES!I12+ACCIDENTES!N12+ACCIDENTES!S12+ACCIDENTES!X12+ACCIDENTES!AC12+ACCIDENTES!AH12)/(HH!F12+HH!J12+HH!N12+HH!R12+HH!V12+HH!Z12+HH!AD12))*1000000 -> 177.81654 | W12: =((ACCIDENTES!F12+ACCIDENTES!K12+ACCIDENTES!P12+ACCIDENTES!U12+ACCIDENTES!Z12+ACCIDENTES!AE12+ACCIDENTES!AJ12)/(HH!F12+HH!J12+HH!N12+HH!R12+HH!V12+HH!Z12+HH!AD12))*1000000 -> 10.053232 | X12: =((ACCIDENTES!C12+ACCIDENTES!H12+ACCIDENTES!M12+ACCIDENTES!R12+ACCIDENTES!W12+ACCIDENTES!AB12+ACCIDENTES!AG12+ACCIDENTES!AL12)/(HH!F12+HH!J12+HH!N12+HH!R12+HH!V12+HH!Z12+HH!AD12+HH!AH12))*1000000 -> 3.5803248 | Y12: =((ACCIDENTES!D12+ACCIDENTES!I12+ACCIDENTES!N12+ACCIDENTES!S12+ACCIDENTES!X12+ACCIDENTES!AC12+ACCIDENTES!AH12+ACCIDENTES!AM12)/(HH!F12+HH!J12+HH!N12+HH!R12+HH!V12+HH!Z12+HH!AD12+HH!AH12))*1000000 -> 219.22604 | Z12: =((ACCIDENTES!F12+ACCIDENTES!K12+ACCIDENTES!P12+ACCIDENTES!U12+ACCIDENTES!Z12+ACCIDENTES!AE12+ACCIDENTES!AJ12+ACCIDENTES!AO12)/(HH!F12+HH!J12+HH!N12+HH!R12+HH!V12+HH!Z12+HH!AD12+HH!AH12))*1000000 -> 10.465565 | AA12: =((ACCIDENTES!AQ12+ACCIDENTES!AL12+ACCIDENTES!AG12+ACCIDENTES!AB12+ACCIDENTES!W12+ACCIDENTES!R12+ACCIDENTES!M12+ACCIDENTES!H12+ACCIDENTES!C12)/(HH!AL12+HH!AH12+HH!AD12+HH!Z12+HH!V12+HH!R12+HH!N12+HH!J12+HH!F12))*1000000 -> 4.6454335 | AB12: =((ACCIDENTES!AR12+ACCIDENTES!AM12+ACCIDENTES!AH12+ACCIDENTES!AC12+ACCIDENTES!X12+ACCIDENTES!S12+ACCIDENTES!N12+ACCIDENTES!I12+ACCIDENTES!D12)/(HH!AL12+HH!AH12+HH!AD12+HH!Z12+HH!V12+HH!R12+HH!N12+HH!J12+HH!F12))*1000000 -> 204.39908 | AC12: =((ACCIDENTES!F12+ACCIDENTES!K12+ACCIDENTES!P12+ACCIDENTES!U12+ACCIDENTES!Z12+ACCIDENTES!AE12+ACCIDENTES!AJ12+ACCIDENTES!AO12+ACCIDENTES!AT12)/(HH!F12+HH!J12+HH!N12+HH!R12+HH!V12+HH!Z12+HH!AD12+HH!AH12+HH!AL12))*1000000 -> 11.980329 | AD12: =((ACCIDENTES!AV12+ACCIDENTES!AQ12+ACCIDENTES!AL12+ACCIDENTES!AG12+ACCIDENTES!AB12+ACCIDENTES!W12+ACCIDENTES!R12+ACCIDENTES!M12+ACCIDENTES!H12+ACCIDENTES!C12)/(HH!F12+HH!J12+HH!N12+HH!R12+HH!V12+HH!Z12+HH!AD12+HH!AH12+HH!AL12+HH!AP12))*1000000 -> 5.0473999 | AE12: =((ACCIDENTES!D12+ACCIDENTES!I12+ACCIDENTES!N12+ACCIDENTES!S12+ACCIDENTES!X12+ACCIDENTES!AC12+ACCIDENTES!AH12+ACCIDENTES!AM12+ACCIDENTES!AR12+ACCIDENTES!AW12)/(HH!AP12+HH!AL12+HH!AH12+HH!AD12+HH!Z12+HH!V12+HH!R12+HH!N12+HH!J12+HH!F12))*1000000 -> 192.2401 | AF12: =((ACCIDENTES!AY12+ACCIDENTES!AT12+ACCIDENTES!AO12+ACCIDENTES!AJ12+ACCIDENTES!AE12+ACCIDENTES!Z12+ACCIDENTES!U12+ACCIDENTES!P12+ACCIDENTES!K12+ACCIDENTES!F12)/(HH!F12+HH!J12+HH!N12+HH!R12+HH!V12+HH!Z12+HH!AD12+HH!AH12+HH!AL12+HH!AP12))*1000000 -> 12.508774 | AG12: =((ACCIDENTES!BA12+ACCIDENTES!AV12+ACCIDENTES!AQ12+ACCIDENTES!AL12+ACCIDENTES!AG12+ACCIDENTES!AB12+ACCIDENTES!W12+ACCIDENTES!R12+ACCIDENTES!M12+ACCIDENTES!H12+ACCIDENTES!C12)/(HH!AT12+HH!AP12+HH!AL12+HH!AH12+HH!AD12+HH!Z12+HH!V12+HH!R12+HH!N12+HH!J12+HH!F12))*1000000 -> 4.8043647 | AH12: =((ACCIDENTES!D12+ACCIDENTES!I12+ACCIDENTES!N12+ACCIDENTES!S12+ACCIDENTES!X12+ACCIDENTES!AC12+ACCIDENTES!AH12+ACCIDENTES!AM12+ACCIDENTES!AR12+ACCIDENTES!AW12+ACCIDENTES!BB12)/(HH!F12+HH!J12+HH!N12+HH!R12+HH!V12+HH!Z12+HH!AD12+HH!AH12+HH!AL12+HH!AP12+HH!AT12))*1000000 -> 175.75968 | AI12: =((ACCIDENTES!BD12+ACCIDENTES!AY12+ACCIDENTES!AT12+ACCIDENTES!AO12+ACCIDENTES!AJ12+ACCIDENTES!AE12+ACCIDENTES!Z12+ACCIDENTES!U12+ACCIDENTES!P12+ACCIDENTES!K12+ACCIDENTES!F12)/(HH!F12+HH!J12+HH!N12+HH!R12+HH!V12+HH!Z12+HH!AD12+HH!AH12+HH!AL12+HH!AP12+HH!AT12))*1000000 -> 12.611457 | AJ12: =(ACCIDENTES!BK12/HH!BB12)*1000000 -> 4.602829 | AK12: =(ACCIDENTES!BL12/HH!BB12)*1000000 -> 161.83547 | AL12: =(ACCIDENTES!BN12/HH!BB12)*1000000 -> 12.151468 | AN12: =AW12 -> 4.9800589 | AO12: =BA12 -> 58.982296 | AR12: 4.7 | AS12: 170 | AT12: 6.3 | AV12: 4.1574204 | AW12: 4.9800589 | AX12: 5.7850062 | AZ12: 50.808984 | BA12: 58.982296 | BB12: 71.578395
A13: ALICORP SAA | B13: DISTRBUCION LIMA | C13: =(ACCIDENTES!C13/HH!F13)*1000000 -> 0 | D13: =(ACCIDENTES!D13/HH!F13)*1000000 -> 0 | E13: =(ACCIDENTES!F13/HH!F13)*1000000 -> 0 | F13: =((ACCIDENTES!C13+ACCIDENTES!H13)/(HH!F13+HH!J13))*1000000 -> 0 | G13: =((ACCIDENTES!D13+ACCIDENTES!I13)/(HH!F13+HH!J13))*1000000 -> 0 | H13: =((ACCIDENTES!F13+ACCIDENTES!K13)/(HH!F13+HH!J13))*1000000 -> 0 | I13: =((ACCIDENTES!C13+ACCIDENTES!H13+ACCIDENTES!M13)/(HH!F13+HH!J13+HH!N13))*1000000 -> 0 | J13: =((ACCIDENTES!D13+ACCIDENTES!I13+ACCIDENTES!N13)/(HH!F13+HH!J13+HH!N13))*1000000 -> 0 | K13: =((ACCIDENTES!F13+ACCIDENTES!K13+ACCIDENTES!P13)/(HH!J13+HH!N13+HH!F13))*1000000 -> 2.1363204 | L13: =((ACCIDENTES!C13+ACCIDENTES!H13+ACCIDENTES!M13+ACCIDENTES!R13)/(HH!F13+HH!J13+HH!N13+HH!R13))*1000000 -> 0 | M13: =((ACCIDENTES!D13+ACCIDENTES!I13+ACCIDENTES!N13+ACCIDENTES!S13)/(HH!F13+HH!J13+HH!N13+HH!R13))*1000000 -> 0 | N13: =((ACCIDENTES!F13+ACCIDENTES!K13+ACCIDENTES!P13+ACCIDENTES!U13)/(HH!F13+HH!J13+HH!N13+HH!R13))*1000000 -> 1.4273813 | O13: =((ACCIDENTES!C13+ACCIDENTES!H13+ACCIDENTES!M13+ACCIDENTES!R13+ACCIDENTES!W13)/(HH!F13+HH!J13+HH!N13+HH!R13+HH!V13))*1000000 -> 0 | P13: =(((ACCIDENTES!D13+ACCIDENTES!I13+ACCIDENTES!N13+ACCIDENTES!S13+ACCIDENTES!X13)/(HH!F13+HH!J13+HH!N13+HH!R13+HH!V13))*1000000) -> 0 | Q13: =((ACCIDENTES!F13+ACCIDENTES!K13+ACCIDENTES!P13+ACCIDENTES!U13+ACCIDENTES!Z13)/(HH!F13+HH!J13+HH!N13+HH!R13+HH!V13))*1000000 -> 2.1081321 | R13: =(ACCIDENTES!C13+ACCIDENTES!H13+ACCIDENTES!M13+ACCIDENTES!R13+ACCIDENTES!W13+ACCIDENTES!AB13)*1000000/(HH!F13+HH!J13+HH!N13+HH!R13+HH!V13+HH!Z13) -> 0 | S13: =(ACCIDENTES!D13+ACCIDENTES!I13+ACCIDENTES!N13+ACCIDENTES!S13+ACCIDENTES!X13+ACCIDENTES!AC13)*1000000/(HH!F13+HH!J13+HH!N13+HH!R13+HH!V13+HH!Z13) -> 0 | T13: =(ACCIDENTES!F13+ACCIDENTES!K13+ACCIDENTES!P13+ACCIDENTES!U13+ACCIDENTES!Z13+ACCIDENTES!AE13)*1000000/(HH!F13+HH!J13+HH!N13+HH!R13+HH!V13+HH!Z13) -> 1.6756767 | U13: =((ACCIDENTES!C13+ACCIDENTES!H13+ACCIDENTES!M13+ACCIDENTES!R13+ACCIDENTES!W13+ACCIDENTES!AB13+ACCIDENTES!AG13)/(HH!F13+HH!J13+HH!N13+HH!R13+HH!V13+HH!Z13+HH!AD13))*1000000 -> 0 | V13: =((ACCIDENTES!D13+ACCIDENTES!I13+ACCIDENTES!N13+ACCIDENTES!S13+ACCIDENTES!X13+ACCIDENTES!AC13+ACCIDENTES!AH13)/(HH!F13+HH!J13+HH!N13+HH!R13+HH!V13+HH!Z13+HH!AD13))*1000000 -> 0 | W13: =((ACCIDENTES!F13+ACCIDENTES!K13+ACCIDENTES!P13+ACCIDENTES!U13+ACCIDENTES!Z13+ACCIDENTES!AE13+ACCIDENTES!AJ13)/(HH!F13+HH!J13+HH!N13+HH!R13+HH!V13+HH!Z13+HH!AD13))*1000000 -> 1.3922136 | X13: =((ACCIDENTES!C13+ACCIDENTES!H13+ACCIDENTES!M13+ACCIDENTES!R13+ACCIDENTES!W13+ACCIDENTES!AB13+ACCIDENTES!AG13+ACCIDENTES!AL13)/(HH!F13+HH!J13+HH!N13+HH!R13+HH!V13+HH!Z13+HH!AD13+HH!AH13))*1000000 -> 0 | Y13: =((ACCIDENTES!D13+ACCIDENTES!I13+ACCIDENTES!N13+ACCIDENTES!S13+ACCIDENTES!X13+ACCIDENTES!AC13+ACCIDENTES!AH13+ACCIDENTES!AM13)/(HH!F13+HH!J13+HH!N13+HH!R13+HH!V13+HH!Z13+HH!AD13+HH!AH13))*1000000 -> 0 | Z13: =((ACCIDENTES!F13+ACCIDENTES!K13+ACCIDENTES!P13+ACCIDENTES!U13+ACCIDENTES!Z13+ACCIDENTES!AE13+ACCIDENTES!AJ13+ACCIDENTES!AO13)/(HH!F13+HH!J13+HH!N13+HH!R13+HH!V13+HH!Z13+HH!AD13+HH!AH13))*1000000 -> 1.7765832 | AA13: =((ACCIDENTES!AQ13+ACCIDENTES!AL13+ACCIDENTES!AG13+ACCIDENTES!AB13+ACCIDENTES!W13+ACCIDENTES!R13+ACCIDENTES!M13+ACCIDENTES!H13+ACCIDENTES!C13)/(HH!AL13+HH!AH13+HH!AD13+HH!Z13+HH!V13+HH!R13+HH!N13+HH!J13+HH!F13))*1000000 -> 0.51504125 | AB13: =((ACCIDENTES!AR13+ACCIDENTES!AM13+ACCIDENTES!AH13+ACCIDENTES!AC13+ACCIDENTES!X13+ACCIDENTES!S13+ACCIDENTES!N13+ACCIDENTES!I13+ACCIDENTES!D13)/(HH!AL13+HH!AH13+HH!AD13+HH!Z13+HH!V13+HH!R13+HH!N13+HH!J13+HH!F13))*1000000 -> 7.2105776 | AC13: =((ACCIDENTES!F13+ACCIDENTES!K13+ACCIDENTES!P13+ACCIDENTES!U13+ACCIDENTES!Z13+ACCIDENTES!AE13+ACCIDENTES!AJ13+ACCIDENTES!AO13+ACCIDENTES!AT13)/(HH!F13+HH!J13+HH!N13+HH!R13+HH!V13+HH!Z13+HH!AD13+HH!AH13+HH!AL13))*1000000 -> 2.060165 | AD13: =((ACCIDENTES!AV13+ACCIDENTES!AQ13+ACCIDENTES!AL13+ACCIDENTES!AG13+ACCIDENTES!AB13+ACCIDENTES!W13+ACCIDENTES!R13+ACCIDENTES!M13+ACCIDENTES!H13+ACCIDENTES!C13)/(HH!F13+HH!J13+HH!N13+HH!R13+HH!V13+HH!Z13+HH!AD13+HH!AH13+HH!AL13+HH!AP13))*1000000 -> 0.90304929 | AE13: =((ACCIDENTES!D13+ACCIDENTES!I13+ACCIDENTES!N13+ACCIDENTES!S13+ACCIDENTES!X13+ACCIDENTES!AC13+ACCIDENTES!AH13+ACCIDENTES!AM13+ACCIDENTES!AR13+ACCIDENTES!AW13)/(HH!AP13+HH!AL13+HH!AH13+HH!AD13+HH!Z13+HH!V13+HH!R13+HH!N13+HH!J13+HH!F13))*1000000 -> 7.2243943 | AF13: =((ACCIDENTES!AY13+ACCIDENTES!AT13+ACCIDENTES!AO13+ACCIDENTES!AJ13+ACCIDENTES!AE13+ACCIDENTES!Z13+ACCIDENTES!U13+ACCIDENTES!P13+ACCIDENTES!K13+ACCIDENTES!F13)/(HH!F13+HH!J13+HH!N13+HH!R13+HH!V13+HH!Z13+HH!AD13+HH!AH13+HH!AL13+HH!AP13))*1000000 -> 2.2576232 | AG13: =((ACCIDENTES!BA13+ACCIDENTES!AV13+ACCIDENTES!AQ13+ACCIDENTES!AL13+ACCIDENTES!AG13+ACCIDENTES!AB13+ACCIDENTES!W13+ACCIDENTES!R13+ACCIDENTES!M13+ACCIDENTES!H13+ACCIDENTES!C13)/(HH!AT13+HH!AP13+HH!AL13+HH!AH13+HH!AD13+HH!Z13+HH!V13+HH!R13+HH!N13+HH!J13+HH!F13))*1000000 -> 1.2058629 | AH13: =((ACCIDENTES!D13+ACCIDENTES!I13+ACCIDENTES!N13+ACCIDENTES!S13+ACCIDENTES!X13+ACCIDENTES!AC13+ACCIDENTES!AH13+ACCIDENTES!AM13+ACCIDENTES!AR13+ACCIDENTES!AW13+ACCIDENTES!BB13)/(HH!F13+HH!J13+HH!N13+HH!R13+HH!V13+HH!Z13+HH!AD13+HH!AH13+HH!AL13+HH!AP13+HH!AT13))*1000000 -> 14.0684 | AI13: =((ACCIDENTES!BD13+ACCIDENTES!AY13+ACCIDENTES!AT13+ACCIDENTES!AO13+ACCIDENTES!AJ13+ACCIDENTES!AE13+ACCIDENTES!Z13+ACCIDENTES!U13+ACCIDENTES!P13+ACCIDENTES!K13+ACCIDENTES!F13)/(HH!F13+HH!J13+HH!N13+HH!R13+HH!V13+HH!Z13+HH!AD13+HH!AH13+HH!AL13+HH!AP13+HH!AT13))*1000000 -> 2.4117258 | AJ13: =(ACCIDENTES!BK13/HH!BB13)*1000000 -> 1.4487654 | AK13: =(ACCIDENTES!BL13/HH!BB13)*1000000 -> 18.471759 | AL13: =(ACCIDENTES!BN13/HH!BB13)*1000000 -> 2.5353394 | AN13: =AW13 -> 1.7265867 | AO13: =BA13 -> 7.7696402 | AR13: 2.3021156 | AS13: 14.388223 | AT13: 0.5 | AV13: 1.4388223 | AW13: 1.7265867 | AX13: 2.0143512 | AZ13: 5.4675246 | BA13: 7.7696402 | BB13: 10.071756
A14: ALICORP SAA | B14: CD Huachipa | C14: =(ACCIDENTES!C14/HH!F14)*1000000 -> 0 | D14: =(ACCIDENTES!D14/HH!F14)*1000000 -> 0 | E14: =(ACCIDENTES!F14/HH!F14)*1000000 -> 0 | F14: =((ACCIDENTES!C14+ACCIDENTES!H14)/(HH!F14+HH!J14))*1000000 -> 0 | G14: =((ACCIDENTES!D14+ACCIDENTES!I14)/(HH!F14+HH!J14))*1000000 -> 0 | H14: =((ACCIDENTES!F14+ACCIDENTES!K14)/(HH!F14+HH!J14))*1000000 -> 0 | I14: =((ACCIDENTES!C14+ACCIDENTES!H14+ACCIDENTES!M14)/(HH!F14+HH!J14+HH!N14))*1000000 -> 0 | J14: =((ACCIDENTES!D14+ACCIDENTES!I14+ACCIDENTES!N14)/(HH!F14+HH!J14+HH!N14))*1000000 -> 0 | K14: =((ACCIDENTES!F14+ACCIDENTES!K14+ACCIDENTES!P14)/(HH!J14+HH!N14+HH!F14))*1000000 -> 6.9039799 | L14: =((ACCIDENTES!C14+ACCIDENTES!H14+ACCIDENTES!M14+ACCIDENTES!R14)/(HH!F14+HH!J14+HH!N14+HH!R14))*1000000 -> 0 | M14: =((ACCIDENTES!D14+ACCIDENTES!I14+ACCIDENTES!N14+ACCIDENTES!S14)/(HH!F14+HH!J14+HH!N14+HH!R14))*1000000 -> 0 | N14: =((ACCIDENTES!F14+ACCIDENTES!K14+ACCIDENTES!P14+ACCIDENTES!U14)/(HH!F14+HH!J14+HH!N14+HH!R14))*1000000 -> 5.0911883 | O14: =((ACCIDENTES!C14+ACCIDENTES!H14+ACCIDENTES!M14+ACCIDENTES!R14+ACCIDENTES!W14)/(HH!F14+HH!J14+HH!N14+HH!R14+HH!V14))*1000000 -> 0 | P14: =(((ACCIDENTES!D14+ACCIDENTES!I14+ACCIDENTES!N14+ACCIDENTES!S14+ACCIDENTES!X14)/(HH!F14+HH!J14+HH!N14+HH!R14+HH!V14))*1000000) -> 0 | Q14: =((ACCIDENTES!F14+ACCIDENTES!K14+ACCIDENTES!P14+ACCIDENTES!U14+ACCIDENTES!Z14)/(HH!F14+HH!J14+HH!N14+HH!R14+HH!V14))*1000000 -> 3.9217563 | R14: =(ACCIDENTES!C14+ACCIDENTES!H14+ACCIDENTES!M14+ACCIDENTES!R14+ACCIDENTES!W14+ACCIDENTES!AB14)*1000000/(HH!F14+HH!J14+HH!N14+HH!R14+HH!V14+HH!Z14) -> 0 | S14: =(ACCIDENTES!D14+ACCIDENTES!I14+ACCIDENTES!N14+ACCIDENTES!S14+ACCIDENTES!X14+ACCIDENTES!AC14)*1000000/(HH!F14+HH!J14+HH!N14+HH!R14+HH!V14+HH!Z14) -> 0 | T14: =(ACCIDENTES!F14+ACCIDENTES!K14+ACCIDENTES!P14+ACCIDENTES!U14+ACCIDENTES!Z14+ACCIDENTES!AE14)*1000000/(HH!F14+HH!J14+HH!N14+HH!R14+HH!V14+HH!Z14) -> 3.1952679 | U14: =((ACCIDENTES!C14+ACCIDENTES!H14+ACCIDENTES!M14+ACCIDENTES!R14+ACCIDENTES!W14+ACCIDENTES!AB14+ACCIDENTES!AG14)/(HH!F14+HH!J14+HH!N14+HH!R14+HH!V14+HH!Z14+HH!AD14))*1000000 -> 0 | V14: =((ACCIDENTES!D14+ACCIDENTES!I14+ACCIDENTES!N14+ACCIDENTES!S14+ACCIDENTES!X14+ACCIDENTES!AC14+ACCIDENTES!AH14)/(HH!F14+HH!J14+HH!N14+HH!R14+HH!V14+HH!Z14+HH!AD14))*1000000 -> 0 | W14: =((ACCIDENTES!F14+ACCIDENTES!K14+ACCIDENTES!P14+ACCIDENTES!U14+ACCIDENTES!Z14+ACCIDENTES!AE14+ACCIDENTES!AJ14)/(HH!F14+HH!J14+HH!N14+HH!R14+HH!V14+HH!Z14+HH!AD14))*1000000 -> 2.6958698 | X14: =((ACCIDENTES!C14+ACCIDENTES!H14+ACCIDENTES!M14+ACCIDENTES!R14+ACCIDENTES!W14+ACCIDENTES!AB14+ACCIDENTES!AG14+ACCIDENTES!AL14)/(HH!F14+HH!J14+HH!N14+HH!R14+HH!V14+HH!Z14+HH!AD14+HH!AH14))*1000000 -> 0 | Y14: =((ACCIDENTES!D14+ACCIDENTES!I14+ACCIDENTES!N14+ACCIDENTES!S14+ACCIDENTES!X14+ACCIDENTES!AC14+ACCIDENTES!AH14+ACCIDENTES!AM14)/(HH!F14+HH!J14+HH!N14+HH!R14+HH!V14+HH!Z14+HH!AD14+HH!AH14))*1000000 -> 0 | Z14: =((ACCIDENTES!F14+ACCIDENTES!K14+ACCIDENTES!P14+ACCIDENTES!U14+ACCIDENTES!Z14+ACCIDENTES!AE14+ACCIDENTES!AJ14+ACCIDENTES!AO14)/(HH!F14+HH!J14+HH!N14+HH!R14+HH!V14+HH!Z14+HH!AD14+HH!AH14))*1000000 -> 2.3253283 | AA14: =((ACCIDENTES!AQ14+ACCIDENTES!AL14+ACCIDENTES!AG14+ACCIDENTES!AB14+ACCIDENTES!W14+ACCIDENTES!R14+ACCIDENTES!M14+ACCIDENTES!H14+ACCIDENTES!C14)/(HH!AL14+HH!AH14+HH!AD14+HH!Z14+HH!V14+HH!R14+HH!N14+HH!J14+HH!F14))*1000000 -> 0 | AB14: =((ACCIDENTES!AR14+ACCIDENTES!AM14+ACCIDENTES!AH14+ACCIDENTES!AC14+ACCIDENTES!X14+ACCIDENTES!S14+ACCIDENTES!N14+ACCIDENTES!I14+ACCIDENTES!D14)/(HH!AL14+HH!AH14+HH!AD14+HH!Z14+HH!V14+HH!R14+HH!N14+HH!J14+HH!F14))*1000000 -> 0 | AC14: =((ACCIDENTES!F14+ACCIDENTES!K14+ACCIDENTES!P14+ACCIDENTES!U14+ACCIDENTES!Z14+ACCIDENTES!AE14+ACCIDENTES!AJ14+ACCIDENTES!AO14+ACCIDENTES!AT14)/(HH!F14+HH!J14+HH!N14+HH!R14+HH!V14+HH!Z14+HH!AD14+HH!AH14+HH!AL14))*1000000 -> 2.0487362 | AD14: =((ACCIDENTES!AV14+ACCIDENTES!AQ14+ACCIDENTES!AL14+ACCIDENTES!AG14+ACCIDENTES!AB14+ACCIDENTES!W14+ACCIDENTES!R14+ACCIDENTES!M14+ACCIDENTES!H14+ACCIDENTES!C14)/(HH!F14+HH!J14+HH!N14+HH!R14+HH!V14+HH!Z14+HH!AD14+HH!AH14+HH!AL14+HH!AP14))*1000000 -> 0 | AE14: =((ACCIDENTES!D14+ACCIDENTES!I14+ACCIDENTES!N14+ACCIDENTES!S14+ACCIDENTES!X14+ACCIDENTES!AC14+ACCIDENTES!AH14+ACCIDENTES!AM14+ACCIDENTES!AR14+ACCIDENTES!AW14)/(HH!AP14+HH!AL14+HH!AH14+HH!AD14+HH!Z14+HH!V14+HH!R14+HH!N14+HH!J14+HH!F14))*1000000 -> 0 | AF14: =((ACCIDENTES!AY14+ACCIDENTES!AT14+ACCIDENTES!AO14+ACCIDENTES!AJ14+ACCIDENTES!AE14+ACCIDENTES!Z14+ACCIDENTES!U14+ACCIDENTES!P14+ACCIDENTES!K14+ACCIDENTES!F14)/(HH!F14+HH!J14+HH!N14+HH!R14+HH!V14+HH!Z14+HH!AD14+HH!AH14+HH!AL14+HH!AP14))*1000000 -> 1.8309492 | AG14: =((ACCIDENTES!BA14+ACCIDENTES!AV14+ACCIDENTES!AQ14+ACCIDENTES!AL14+ACCIDENTES!AG14+ACCIDENTES!AB14+ACCIDENTES!W14+ACCIDENTES!R14+ACCIDENTES!M14+ACCIDENTES!H14+ACCIDENTES!C14)/(HH!AT14+HH!AP14+HH!AL14+HH!AH14+HH!AD14+HH!Z14+HH!V14+HH!R14+HH!N14+HH!J14+HH!F14))*1000000 -> 0 | AH14: =((ACCIDENTES!D14+ACCIDENTES!I14+ACCIDENTES!N14+ACCIDENTES!S14+ACCIDENTES!X14+ACCIDENTES!AC14+ACCIDENTES!AH14+ACCIDENTES!AM14+ACCIDENTES!AR14+ACCIDENTES!AW14+ACCIDENTES!BB14)/(HH!F14+HH!J14+HH!N14+HH!R14+HH!V14+HH!Z14+HH!AD14+HH!AH14+HH!AL14+HH!AP14+HH!AT14))*1000000 -> 0 | AI14: =((ACCIDENTES!BD14+ACCIDENTES!AY14+ACCIDENTES!AT14+ACCIDENTES!AO14+ACCIDENTES!AJ14+ACCIDENTES!AE14+ACCIDENTES!Z14+ACCIDENTES!U14+ACCIDENTES!P14+ACCIDENTES!K14+ACCIDENTES!F14)/(HH!F14+HH!J14+HH!N14+HH!R14+HH!V14+HH!Z14+HH!AD14+HH!AH14+HH!AL14+HH!AP14+HH!AT14))*1000000 -> 1.6550159 | AJ14: =(ACCIDENTES!BK14/HH!BB14)*1000000 -> 0 | AK14: =(ACCIDENTES!BL14/HH!BB14)*1000000 -> 0 | AL14: =(ACCIDENTES!BN14/HH!BB14)*1000000 -> 1.509929 | AN14: =AW14 -> 0 | AO14: =BA14 -> 0
A15: ALICORP SAA | B15: CD Latam 600 | C15: =(ACCIDENTES!C15/HH!F15)*1000000 -> 0 | D15: =(ACCIDENTES!D15/HH!F15)*1000000 -> 0 | E15: =(ACCIDENTES!F15/HH!F15)*1000000 -> 0 | F15: =((ACCIDENTES!C15+ACCIDENTES!H15)/(HH!F15+HH!J15))*1000000 -> 0 | G15: =((ACCIDENTES!D15+ACCIDENTES!I15)/(HH!F15+HH!J15))*1000000 -> 0 | H15: =((ACCIDENTES!F15+ACCIDENTES!K15)/(HH!F15+HH!J15))*1000000 -> 0 | I15: =((ACCIDENTES!C15+ACCIDENTES!H15+ACCIDENTES!M15)/(HH!F15+HH!J15+HH!N15))*1000000 -> 0 | J15: =((ACCIDENTES!D15+ACCIDENTES!I15+ACCIDENTES!N15)/(HH!F15+HH!J15+HH!N15))*1000000 -> 0 | K15: =((ACCIDENTES!F15+ACCIDENTES!K15+ACCIDENTES!P15)/(HH!J15+HH!N15+HH!F15))*1000000 -> 0 | L15: =((ACCIDENTES!C15+ACCIDENTES!H15+ACCIDENTES!M15+ACCIDENTES!R15)/(HH!F15+HH!J15+HH!N15+HH!R15))*1000000 -> 0 | M15: =((ACCIDENTES!D15+ACCIDENTES!I15+ACCIDENTES!N15+ACCIDENTES!S15)/(HH!F15+HH!J15+HH!N15+HH!R15))*1000000 -> 0 | N15: =((ACCIDENTES!F15+ACCIDENTES!K15+ACCIDENTES!P15+ACCIDENTES!U15)/(HH!F15+HH!J15+HH!N15+HH!R15))*1000000 -> 0 | O15: =((ACCIDENTES!C15+ACCIDENTES!H15+ACCIDENTES!M15+ACCIDENTES!R15+ACCIDENTES!W15)/(HH!F15+HH!J15+HH!N15+HH!R15+HH!V15))*1000000 -> 0 | P15: =(((ACCIDENTES!D15+ACCIDENTES!I15+ACCIDENTES!N15+ACCIDENTES!S15+ACCIDENTES!X15)/(HH!F15+HH!J15+HH!N15+HH!R15+HH!V15))*1000000) -> 0 | Q15: =((ACCIDENTES!F15+ACCIDENTES!K15+ACCIDENTES!P15+ACCIDENTES!U15+ACCIDENTES!Z15)/(HH!F15+HH!J15+HH!N15+HH!R15+HH!V15))*1000000 -> 0 | R15: =(ACCIDENTES!C15+ACCIDENTES!H15+ACCIDENTES!M15+ACCIDENTES!R15+ACCIDENTES!W15+ACCIDENTES!AB15)*1000000/(HH!F15+HH!J15+HH!N15+HH!R15+HH!V15+HH!Z15) -> 0 | S15: =(ACCIDENTES!D15+ACCIDENTES!I15+ACCIDENTES!N15+ACCIDENTES!S15+ACCIDENTES!X15+ACCIDENTES!AC15)*1000000/(HH!F15+HH!J15+HH!N15+HH!R15+HH!V15+HH!Z15) -> 0 | T15: =(ACCIDENTES!F15+ACCIDENTES!K15+ACCIDENTES!P15+ACCIDENTES!U15+ACCIDENTES!Z15+ACCIDENTES!AE15)*1000000/(HH!F15+HH!J15+HH!N15+HH!R15+HH!V15+HH!Z15) -> 0 | U15: =((ACCIDENTES!C15+ACCIDENTES!H15+ACCIDENTES!M15+ACCIDENTES!R15+ACCIDENTES!W15+ACCIDENTES!AB15+ACCIDENTES!AG15)/(HH!F15+HH!J15+HH!N15+HH!R15+HH!V15+HH!Z15+HH!AD15))*1000000 -> 0 | V15: =((ACCIDENTES!D15+ACCIDENTES!I15+ACCIDENTES!N15+ACCIDENTES!S15+ACCIDENTES!X15+ACCIDENTES!AC15+ACCIDENTES!AH15)/(HH!F15+HH!J15+HH!N15+HH!R15+HH!V15+HH!Z15+HH!AD15))*1000000 -> 0 | W15: =((ACCIDENTES!F15+ACCIDENTES!K15+ACCIDENTES!P15+ACCIDENTES!U15+ACCIDENTES!Z15+ACCIDENTES!AE15+ACCIDENTES!AJ15)/(HH!F15+HH!J15+HH!N15+HH!R15+HH!V15+HH!Z15+HH!AD15))*1000000 -> 0 | X15: =((ACCIDENTES!C15+ACCIDENTES!H15+ACCIDENTES!M15+ACCIDENTES!R15+ACCIDENTES!W15+ACCIDENTES!AB15+ACCIDENTES!AG15+ACCIDENTES!AL15)/(HH!F15+HH!J15+HH!N15+HH!R15+HH!V15+HH!Z15+HH!AD15+HH!AH15))*1000000 -> 0 | Y15: =((ACCIDENTES!D15+ACCIDENTES!I15+ACCIDENTES!N15+ACCIDENTES!S15+ACCIDENTES!X15+ACCIDENTES!AC15+ACCIDENTES!AH15+ACCIDENTES!AM15)/(HH!F15+HH!J15+HH!N15+HH!R15+HH!V15+HH!Z15+HH!AD15+HH!AH15))*1000000 -> 0 | Z15: =((ACCIDENTES!F15+ACCIDENTES!K15+ACCIDENTES!P15+ACCIDENTES!U15+ACCIDENTES!Z15+ACCIDENTES!AE15+ACCIDENTES!AJ15+ACCIDENTES!AO15)/(HH!F15+HH!J15+HH!N15+HH!R15+HH!V15+HH!Z15+HH!AD15+HH!AH15))*1000000 -> 0 | AA15: =((ACCIDENTES!AQ15+ACCIDENTES!AL15+ACCIDENTES!AG15+ACCIDENTES!AB15+ACCIDENTES!W15+ACCIDENTES!R15+ACCIDENTES!M15+ACCIDENTES!H15+ACCIDENTES!C15)/(HH!AL15+HH!AH15+HH!AD15+HH!Z15+HH!V15+HH!R15+HH!N15+HH!J15+HH!F15))*1000000 -> 0 | AB15: =((ACCIDENTES!AR15+ACCIDENTES!AM15+ACCIDENTES!AH15+ACCIDENTES!AC15+ACCIDENTES!X15+ACCIDENTES!S15+ACCIDENTES!N15+ACCIDENTES!I15+ACCIDENTES!D15)/(HH!AL15+HH!AH15+HH!AD15+HH!Z15+HH!V15+HH!R15+HH!N15+HH!J15+HH!F15))*1000000 -> 0 | AC15: =((ACCIDENTES!F15+ACCIDENTES!K15+ACCIDENTES!P15+ACCIDENTES!U15+ACCIDENTES!Z15+ACCIDENTES!AE15+ACCIDENTES!AJ15+ACCIDENTES!AO15+ACCIDENTES!AT15)/(HH!F15+HH!J15+HH!N15+HH!R15+HH!V15+HH!Z15+HH!AD15+HH!AH15+HH!AL15))*1000000 -> 0 | AD15: =((ACCIDENTES!AV15+ACCIDENTES!AQ15+ACCIDENTES!AL15+ACCIDENTES!AG15+ACCIDENTES!AB15+ACCIDENTES!W15+ACCIDENTES!R15+ACCIDENTES!M15+ACCIDENTES!H15+ACCIDENTES!C15)/(HH!F15+HH!J15+HH!N15+HH!R15+HH!V15+HH!Z15+HH!AD15+HH!AH15+HH!AL15+HH!AP15))*1000000 -> 0 | AE15: =((ACCIDENTES!D15+ACCIDENTES!I15+ACCIDENTES!N15+ACCIDENTES!S15+ACCIDENTES!X15+ACCIDENTES!AC15+ACCIDENTES!AH15+ACCIDENTES!AM15+ACCIDENTES!AR15+ACCIDENTES!AW15)/(HH!AP15+HH!AL15+HH!AH15+HH!AD15+HH!Z15+HH!V15+HH!R15+HH!N15+HH!J15+HH!F15))*1000000 -> 0 | AF15: =((ACCIDENTES!AY15+ACCIDENTES!AT15+ACCIDENTES!AO15+ACCIDENTES!AJ15+ACCIDENTES!AE15+ACCIDENTES!Z15+ACCIDENTES!U15+ACCIDENTES!P15+ACCIDENTES!K15+ACCIDENTES!F15)/(HH!F15+HH!J15+HH!N15+HH!R15+HH!V15+HH!Z15+HH!AD15+HH!AH15+HH!AL15+HH!AP15))*1000000 -> 0 | AG15: =((ACCIDENTES!BA15+ACCIDENTES!AV15+ACCIDENTES!AQ15+ACCIDENTES!AL15+ACCIDENTES!AG15+ACCIDENTES!AB15+ACCIDENTES!W15+ACCIDENTES!R15+ACCIDENTES!M15+ACCIDENTES!H15+ACCIDENTES!C15)/(HH!AT15+HH!AP15+HH!AL15+HH!AH15+HH!AD15+HH!Z15+HH!V15+HH!R15+HH!N15+HH!J15+HH!F15))*1000000 -> 0 | AH15: =((ACCIDENTES!D15+ACCIDENTES!I15+ACCIDENTES!N15+ACCIDENTES!S15+ACCIDENTES!X15+ACCIDENTES!AC15+ACCIDENTES!AH15+ACCIDENTES!AM15+ACCIDENTES!AR15+ACCIDENTES!AW15+ACCIDENTES!BB15)/(HH!F15+HH!J15+HH!N15+HH!R15+HH!V15+HH!Z15+HH!AD15+HH!AH15+HH!AL15+HH!AP15+HH!AT15))*1000000 -> 0 | AI15: =((ACCIDENTES!BD15+ACCIDENTES!AY15+ACCIDENTES!AT15+ACCIDENTES!AO15+ACCIDENTES!AJ15+ACCIDENTES!AE15+ACCIDENTES!Z15+ACCIDENTES!U15+ACCIDENTES!P15+ACCIDENTES!K15+ACCIDENTES!F15)/(HH!F15+HH!J15+HH!N15+HH!R15+HH!V15+HH!Z15+HH!AD15+HH!AH15+HH!AL15+HH!AP15+HH!AT15))*1000000 -> 0 | AJ15: =(ACCIDENTES!BK15/HH!BB15)*1000000 -> 0 | AK15: =(ACCIDENTES!BL15/HH!BB15)*1000000 -> 0 | AL15: =(ACCIDENTES!BN15/HH!BB15)*1000000 -> 0 | AN15: =AW15 -> 0 | AO15: =BA15 -> 0
A16: ALICORP SAA | B16: CD Latam 400 | C16: =(ACCIDENTES!C16/HH!F16)*1000000 -> 0 | D16: =(ACCIDENTES!D16/HH!F16)*1000000 -> 0 | E16: =(ACCIDENTES!F16/HH!F16)*1000000 -> 0 | F16: =((ACCIDENTES!C16+ACCIDENTES!H16)/(HH!F16+HH!J16))*1000000 -> 0 | G16: =((ACCIDENTES!D16+ACCIDENTES!I16)/(HH!F16+HH!J16))*1000000 -> 0 | H16: =((ACCIDENTES!F16+ACCIDENTES!K16)/(HH!F16+HH!J16))*1000000 -> 0 | I16: =((ACCIDENTES!C16+ACCIDENTES!H16+ACCIDENTES!M16)/(HH!F16+HH!J16+HH!N16))*1000000 -> 0 | J16: =((ACCIDENTES!D16+ACCIDENTES!I16+ACCIDENTES!N16)/(HH!F16+HH!J16+HH!N16))*1000000 -> 0 | K16: =((ACCIDENTES!F16+ACCIDENTES!K16+ACCIDENTES!P16)/(HH!J16+HH!N16+HH!F16))*1000000 -> 0 | L16: =((ACCIDENTES!C16+ACCIDENTES!H16+ACCIDENTES!M16+ACCIDENTES!R16)/(HH!F16+HH!J16+HH!N16+HH!R16))*1000000 -> 0 | M16: =((ACCIDENTES!D16+ACCIDENTES!I16+ACCIDENTES!N16+ACCIDENTES!S16)/(HH!F16+HH!J16+HH!N16+HH!R16))*1000000 -> 0 | N16: =((ACCIDENTES!F16+ACCIDENTES!K16+ACCIDENTES!P16+ACCIDENTES!U16)/(HH!F16+HH!J16+HH!N16+HH!R16))*1000000 -> 0 | O16: =((ACCIDENTES!C16+ACCIDENTES!H16+ACCIDENTES!M16+ACCIDENTES!R16+ACCIDENTES!W16)/(HH!F16+HH!J16+HH!N16+HH!R16+HH!V16))*1000000 -> 0 | P16: =(((ACCIDENTES!D16+ACCIDENTES!I16+ACCIDENTES!N16+ACCIDENTES!S16+ACCIDENTES!X16)/(HH!F16+HH!J16+HH!N16+HH!R16+HH!V16))*1000000) -> 0 | Q16: =((ACCIDENTES!F16+ACCIDENTES!K16+ACCIDENTES!P16+ACCIDENTES!U16+ACCIDENTES!Z16)/(HH!F16+HH!J16+HH!N16+HH!R16+HH!V16))*1000000 -> 0 | R16: =(ACCIDENTES!C16+ACCIDENTES!H16+ACCIDENTES!M16+ACCIDENTES!R16+ACCIDENTES!W16+ACCIDENTES!AB16)*1000000/(HH!F16+HH!J16+HH!N16+HH!R16+HH!V16+HH!Z16) -> 0 | S16: =(ACCIDENTES!D16+ACCIDENTES!I16+ACCIDENTES!N16+ACCIDENTES!S16+ACCIDENTES!X16+ACCIDENTES!AC16)*1000000/(HH!F16+HH!J16+HH!N16+HH!R16+HH!V16+HH!Z16) -> 0 | T16: =(ACCIDENTES!F16+ACCIDENTES!K16+ACCIDENTES!P16+ACCIDENTES!U16+ACCIDENTES!Z16+ACCIDENTES!AE16)*1000000/(HH!F16+HH!J16+HH!N16+HH!R16+HH!V16+HH!Z16) -> 0 | U16: =((ACCIDENTES!C16+ACCIDENTES!H16+ACCIDENTES!M16+ACCIDENTES!R16+ACCIDENTES!W16+ACCIDENTES!AB16+ACCIDENTES!AG16)/(HH!F16+HH!J16+HH!N16+HH!R16+HH!V16+HH!Z16+HH!AD16))*1000000 -> 0 | V16: =((ACCIDENTES!D16+ACCIDENTES!I16+ACCIDENTES!N16+ACCIDENTES!S16+ACCIDENTES!X16+ACCIDENTES!AC16+ACCIDENTES!AH16)/(HH!F16+HH!J16+HH!N16+HH!R16+HH!V16+HH!Z16+HH!AD16))*1000000 -> 0 | W16: =((ACCIDENTES!F16+ACCIDENTES!K16+ACCIDENTES!P16+ACCIDENTES!U16+ACCIDENTES!Z16+ACCIDENTES!AE16+ACCIDENTES!AJ16)/(HH!F16+HH!J16+HH!N16+HH!R16+HH!V16+HH!Z16+HH!AD16))*1000000 -> 0 | X16: =((ACCIDENTES!C16+ACCIDENTES!H16+ACCIDENTES!M16+ACCIDENTES!R16+ACCIDENTES!W16+ACCIDENTES!AB16+ACCIDENTES!AG16+ACCIDENTES!AL16)/(HH!F16+HH!J16+HH!N16+HH!R16+HH!V16+HH!Z16+HH!AD16+HH!AH16))*1000000 -> 0 | Y16: =((ACCIDENTES!D16+ACCIDENTES!I16+ACCIDENTES!N16+ACCIDENTES!S16+ACCIDENTES!X16+ACCIDENTES!AC16+ACCIDENTES!AH16+ACCIDENTES!AM16)/(HH!F16+HH!J16+HH!N16+HH!R16+HH!V16+HH!Z16+HH!AD16+HH!AH16))*1000000 -> 0 | Z16: =((ACCIDENTES!F16+ACCIDENTES!K16+ACCIDENTES!P16+ACCIDENTES!U16+ACCIDENTES!Z16+ACCIDENTES!AE16+ACCIDENTES!AJ16+ACCIDENTES!AO16)/(HH!F16+HH!J16+HH!N16+HH!R16+HH!V16+HH!Z16+HH!AD16+HH!AH16))*1000000 -> 0 | AA16: =((ACCIDENTES!AQ16+ACCIDENTES!AL16+ACCIDENTES!AG16+ACCIDENTES!AB16+ACCIDENTES!W16+ACCIDENTES!R16+ACCIDENTES!M16+ACCIDENTES!H16+ACCIDENTES!C16)/(HH!AL16+HH!AH16+HH!AD16+HH!Z16+HH!V16+HH!R16+HH!N16+HH!J16+HH!F16))*1000000 -> 0 | AB16: =((ACCIDENTES!AR16+ACCIDENTES!AM16+ACCIDENTES!AH16+ACCIDENTES!AC16+ACCIDENTES!X16+ACCIDENTES!S16+ACCIDENTES!N16+ACCIDENTES!I16+ACCIDENTES!D16)/(HH!AL16+HH!AH16+HH!AD16+HH!Z16+HH!V16+HH!R16+HH!N16+HH!J16+HH!F16))*1000000 -> 0 | AC16: =((ACCIDENTES!F16+ACCIDENTES!K16+ACCIDENTES!P16+ACCIDENTES!U16+ACCIDENTES!Z16+ACCIDENTES!AE16+ACCIDENTES!AJ16+ACCIDENTES!AO16+ACCIDENTES!AT16)/(HH!F16+HH!J16+HH!N16+HH!R16+HH!V16+HH!Z16+HH!AD16+HH!AH16+HH!AL16))*1000000 -> 0 | AD16: =((ACCIDENTES!AV16+ACCIDENTES!AQ16+ACCIDENTES!AL16+ACCIDENTES!AG16+ACCIDENTES!AB16+ACCIDENTES!W16+ACCIDENTES!R16+ACCIDENTES!M16+ACCIDENTES!H16+ACCIDENTES!C16)/(HH!F16+HH!J16+HH!N16+HH!R16+HH!V16+HH!Z16+HH!AD16+HH!AH16+HH!AL16+HH!AP16))*1000000 -> 5.0717134 | AE16: =((ACCIDENTES!D16+ACCIDENTES!I16+ACCIDENTES!N16+ACCIDENTES!S16+ACCIDENTES!X16+ACCIDENTES!AC16+ACCIDENTES!AH16+ACCIDENTES!AM16+ACCIDENTES!AR16+ACCIDENTES!AW16)/(HH!AP16+HH!AL16+HH!AH16+HH!AD16+HH!Z16+HH!V16+HH!R16+HH!N16+HH!J16+HH!F16))*1000000 -> 10.143427 | AF16: =((ACCIDENTES!AY16+ACCIDENTES!AT16+ACCIDENTES!AO16+ACCIDENTES!AJ16+ACCIDENTES!AE16+ACCIDENTES!Z16+ACCIDENTES!U16+ACCIDENTES!P16+ACCIDENTES!K16+ACCIDENTES!F16)/(HH!F16+HH!J16+HH!N16+HH!R16+HH!V16+HH!Z16+HH!AD16+HH!AH16+HH!AL16+HH!AP16))*1000000 -> 5.0717134 | AG16: =((ACCIDENTES!BA16+ACCIDENTES!AV16+ACCIDENTES!AQ16+ACCIDENTES!AL16+ACCIDENTES!AG16+ACCIDENTES!AB16+ACCIDENTES!W16+ACCIDENTES!R16+ACCIDENTES!M16+ACCIDENTES!H16+ACCIDENTES!C16)/(HH!AT16+HH!AP16+HH!AL16+HH!AH16+HH!AD16+HH!Z16+HH!V16+HH!R16+HH!N16+HH!J16+HH!F16))*1000000 -> 4.2676495 | AH16: =((ACCIDENTES!D16+ACCIDENTES!I16+ACCIDENTES!N16+ACCIDENTES!S16+ACCIDENTES!X16+ACCIDENTES!AC16+ACCIDENTES!AH16+ACCIDENTES!AM16+ACCIDENTES!AR16+ACCIDENTES!AW16+ACCIDENTES!BB16)/(HH!F16+HH!J16+HH!N16+HH!R16+HH!V16+HH!Z16+HH!AD16+HH!AH16+HH!AL16+HH!AP16+HH!AT16))*1000000 -> 8.535299 | AI16: =((ACCIDENTES!BD16+ACCIDENTES!AY16+ACCIDENTES!AT16+ACCIDENTES!AO16+ACCIDENTES!AJ16+ACCIDENTES!AE16+ACCIDENTES!Z16+ACCIDENTES!U16+ACCIDENTES!P16+ACCIDENTES!K16+ACCIDENTES!F16)/(HH!F16+HH!J16+HH!N16+HH!R16+HH!V16+HH!Z16+HH!AD16+HH!AH16+HH!AL16+HH!AP16+HH!AT16))*1000000 -> 4.2676495 | AJ16: =(ACCIDENTES!BK16/HH!BB16)*1000000 -> 3.683648 | AK16: =(ACCIDENTES!BL16/HH!BB16)*1000000 -> 7.3672959 | AL16: =(ACCIDENTES!BN16/HH!BB16)*1000000 -> 3.683648 | AN16: =AW16 -> 0 | AO16: =BA16 -> 0
A17: ALICORP SAA | B17: CD Central | C17: =(ACCIDENTES!C17/HH!F17)*1000000 -> 0 | D17: =(ACCIDENTES!D17/HH!F17)*1000000 -> 0 | E17: =(ACCIDENTES!F17/HH!F17)*1000000 -> 0 | F17: =((ACCIDENTES!C17+ACCIDENTES!H17)/(HH!F17+HH!J17))*1000000 -> 0 | G17: =((ACCIDENTES!D17+ACCIDENTES!I17)/(HH!F17+HH!J17))*1000000 -> 0 | H17: =((ACCIDENTES!F17+ACCIDENTES!K17)/(HH!F17+HH!J17))*1000000 -> 0 | I17: =((ACCIDENTES!C17+ACCIDENTES!H17+ACCIDENTES!M17)/(HH!F17+HH!J17+HH!N17))*1000000 -> 0 | J17: =((ACCIDENTES!D17+ACCIDENTES!I17+ACCIDENTES!N17)/(HH!F17+HH!J17+HH!N17))*1000000 -> 0 | K17: =((ACCIDENTES!F17+ACCIDENTES!K17+ACCIDENTES!P17)/(HH!J17+HH!N17+HH!F17))*1000000 -> 0 | L17: =((ACCIDENTES!C17+ACCIDENTES!H17+ACCIDENTES!M17+ACCIDENTES!R17)/(HH!F17+HH!J17+HH!N17+HH!R17))*1000000 -> 0 | M17: =((ACCIDENTES!D17+ACCIDENTES!I17+ACCIDENTES!N17+ACCIDENTES!S17)/(HH!F17+HH!J17+HH!N17+HH!R17))*1000000 -> 0 | N17: =((ACCIDENTES!F17+ACCIDENTES!K17+ACCIDENTES!P17+ACCIDENTES!U17)/(HH!F17+HH!J17+HH!N17+HH!R17))*1000000 -> 0 | O17: =((ACCIDENTES!C17+ACCIDENTES!H17+ACCIDENTES!M17+ACCIDENTES!R17+ACCIDENTES!W17)/(HH!F17+HH!J17+HH!N17+HH!R17+HH!V17))*1000000 -> 0 | P17: =(((ACCIDENTES!D17+ACCIDENTES!I17+ACCIDENTES!N17+ACCIDENTES!S17+ACCIDENTES!X17)/(HH!F17+HH!J17+HH!N17+HH!R17+HH!V17))*1000000) -> 0 | Q17: =((ACCIDENTES!F17+ACCIDENTES!K17+ACCIDENTES!P17+ACCIDENTES!U17+ACCIDENTES!Z17)/(HH!F17+HH!J17+HH!N17+HH!R17+HH!V17))*1000000 -> 4.7083036 | R17: =(ACCIDENTES!C17+ACCIDENTES!H17+ACCIDENTES!M17+ACCIDENTES!R17+ACCIDENTES!W17+ACCIDENTES!AB17)*1000000/(HH!F17+HH!J17+HH!N17+HH!R17+HH!V17+HH!Z17) -> 0 | S17: =(ACCIDENTES!D17+ACCIDENTES!I17+ACCIDENTES!N17+ACCIDENTES!S17+ACCIDENTES!X17+ACCIDENTES!AC17)*1000000/(HH!F17+HH!J17+HH!N17+HH!R17+HH!V17+HH!Z17) -> 0 | T17: =(ACCIDENTES!F17+ACCIDENTES!K17+ACCIDENTES!P17+ACCIDENTES!U17+ACCIDENTES!Z17+ACCIDENTES!AE17)*1000000/(HH!F17+HH!J17+HH!N17+HH!R17+HH!V17+HH!Z17) -> 3.8547868 | U17: =((ACCIDENTES!C17+ACCIDENTES!H17+ACCIDENTES!M17+ACCIDENTES!R17+ACCIDENTES!W17+ACCIDENTES!AB17+ACCIDENTES!AG17)/(HH!F17+HH!J17+HH!N17+HH!R17+HH!V17+HH!Z17+HH!AD17))*1000000 -> 0 | V17: =((ACCIDENTES!D17+ACCIDENTES!I17+ACCIDENTES!N17+ACCIDENTES!S17+ACCIDENTES!X17+ACCIDENTES!AC17+ACCIDENTES!AH17)/(HH!F17+HH!J17+HH!N17+HH!R17+HH!V17+HH!Z17+HH!AD17))*1000000 -> 0 | W17: =((ACCIDENTES!F17+ACCIDENTES!K17+ACCIDENTES!P17+ACCIDENTES!U17+ACCIDENTES!Z17+ACCIDENTES!AE17+ACCIDENTES!AJ17)/(HH!F17+HH!J17+HH!N17+HH!R17+HH!V17+HH!Z17+HH!AD17))*1000000 -> 3.2632313 | X17: =((ACCIDENTES!C17+ACCIDENTES!H17+ACCIDENTES!M17+ACCIDENTES!R17+ACCIDENTES!W17+ACCIDENTES!AB17+ACCIDENTES!AG17+ACCIDENTES!AL17)/(HH!F17+HH!J17+HH!N17+HH!R17+HH!V17+HH!Z17+HH!AD17+HH!AH17))*1000000 -> 0 | Y17: =((ACCIDENTES!D17+ACCIDENTES!I17+ACCIDENTES!N17+ACCIDENTES!S17+ACCIDENTES!X17+ACCIDENTES!AC17+ACCIDENTES!AH17+ACCIDENTES!AM17)/(HH!F17+HH!J17+HH!N17+HH!R17+HH!V17+HH!Z17+HH!AD17+HH!AH17))*1000000 -> 0 | Z17: =((ACCIDENTES!F17+ACCIDENTES!K17+ACCIDENTES!P17+ACCIDENTES!U17+ACCIDENTES!Z17+ACCIDENTES!AE17+ACCIDENTES!AJ17+ACCIDENTES!AO17)/(HH!F17+HH!J17+HH!N17+HH!R17+HH!V17+HH!Z17+HH!AD17+HH!AH17))*1000000 -> 5.6367288 | AA17: =((ACCIDENTES!AQ17+ACCIDENTES!AL17+ACCIDENTES!AG17+ACCIDENTES!AB17+ACCIDENTES!W17+ACCIDENTES!R17+ACCIDENTES!M17+ACCIDENTES!H17+ACCIDENTES!C17)/(HH!AL17+HH!AH17+HH!AD17+HH!Z17+HH!V17+HH!R17+HH!N17+HH!J17+HH!F17))*1000000 -> 2.487434 | AB17: =((ACCIDENTES!AR17+ACCIDENTES!AM17+ACCIDENTES!AH17+ACCIDENTES!AC17+ACCIDENTES!X17+ACCIDENTES!S17+ACCIDENTES!N17+ACCIDENTES!I17+ACCIDENTES!D17)/(HH!AL17+HH!AH17+HH!AD17+HH!Z17+HH!V17+HH!R17+HH!N17+HH!J17+HH!F17))*1000000 -> 34.824076 | AC17: =((ACCIDENTES!F17+ACCIDENTES!K17+ACCIDENTES!P17+ACCIDENTES!U17+ACCIDENTES!Z17+ACCIDENTES!AE17+ACCIDENTES!AJ17+ACCIDENTES!AO17+ACCIDENTES!AT17)/(HH!F17+HH!J17+HH!N17+HH!R17+HH!V17+HH!Z17+HH!AD17+HH!AH17+HH!AL17))*1000000 -> 7.4623019 | AD17: =((ACCIDENTES!AV17+ACCIDENTES!AQ17+ACCIDENTES!AL17+ACCIDENTES!AG17+ACCIDENTES!AB17+ACCIDENTES!W17+ACCIDENTES!R17+ACCIDENTES!M17+ACCIDENTES!H17+ACCIDENTES!C17)/(HH!F17+HH!J17+HH!N17+HH!R17+HH!V17+HH!Z17+HH!AD17+HH!AH17+HH!AL17+HH!AP17))*1000000 -> 2.2260524 | AE17: =((ACCIDENTES!D17+ACCIDENTES!I17+ACCIDENTES!N17+ACCIDENTES!S17+ACCIDENTES!X17+ACCIDENTES!AC17+ACCIDENTES!AH17+ACCIDENTES!AM17+ACCIDENTES!AR17+ACCIDENTES!AW17)/(HH!AP17+HH!AL17+HH!AH17+HH!AD17+HH!Z17+HH!V17+HH!R17+HH!N17+HH!J17+HH!F17))*1000000 -> 31.164734 | AF17: =((ACCIDENTES!AY17+ACCIDENTES!AT17+ACCIDENTES!AO17+ACCIDENTES!AJ17+ACCIDENTES!AE17+ACCIDENTES!Z17+ACCIDENTES!U17+ACCIDENTES!P17+ACCIDENTES!K17+ACCIDENTES!F17)/(HH!F17+HH!J17+HH!N17+HH!R17+HH!V17+HH!Z17+HH!AD17+HH!AH17+HH!AL17+HH!AP17))*1000000 -> 6.6781573 | AG17: =((ACCIDENTES!BA17+ACCIDENTES!AV17+ACCIDENTES!AQ17+ACCIDENTES!AL17+ACCIDENTES!AG17+ACCIDENTES!AB17+ACCIDENTES!W17+ACCIDENTES!R17+ACCIDENTES!M17+ACCIDENTES!H17+ACCIDENTES!C17)/(HH!AT17+HH!AP17+HH!AL17+HH!AH17+HH!AD17+HH!Z17+HH!V17+HH!R17+HH!N17+HH!J17+HH!F17))*1000000 -> 4.0287595 | AH17: =((ACCIDENTES!D17+ACCIDENTES!I17+ACCIDENTES!N17+ACCIDENTES!S17+ACCIDENTES!X17+ACCIDENTES!AC17+ACCIDENTES!AH17+ACCIDENTES!AM17+ACCIDENTES!AR17+ACCIDENTES!AW17+ACCIDENTES!BB17)/(HH!F17+HH!J17+HH!N17+HH!R17+HH!V17+HH!Z17+HH!AD17+HH!AH17+HH!AL17+HH!AP17+HH!AT17))*1000000 -> 66.474532 | AI17: =((ACCIDENTES!BD17+ACCIDENTES!AY17+ACCIDENTES!AT17+ACCIDENTES!AO17+ACCIDENTES!AJ17+ACCIDENTES!AE17+ACCIDENTES!Z17+ACCIDENTES!U17+ACCIDENTES!P17+ACCIDENTES!K17+ACCIDENTES!F17)/(HH!F17+HH!J17+HH!N17+HH!R17+HH!V17+HH!Z17+HH!AD17+HH!AH17+HH!AL17+HH!AP17+HH!AT17))*1000000 -> 8.0575191 | AJ17: =(ACCIDENTES!BK17/HH!BB17)*1000000 -> 3.6789341 | AK17: =(ACCIDENTES!BL17/HH!BB17)*1000000 -> 60.702413 | AL17: =(ACCIDENTES!BN17/HH!BB17)*1000000 -> 7.3578682 | AN17: =AW17 -> 0 | AO17: =BA17 -> 0
A18: ALICORP SAA | B18: APT Molino Callao | C18: =(ACCIDENTES!C18/HH!F18)*1000000 -> 0 | D18: =(ACCIDENTES!D18/HH!F18)*1000000 -> 0 | E18: =(ACCIDENTES!F18/HH!F18)*1000000 -> 0 | F18: =((ACCIDENTES!C18+ACCIDENTES!H18)/(HH!F18+HH!J18))*1000000 -> 0 | G18: =((ACCIDENTES!D18+ACCIDENTES!I18)/(HH!F18+HH!J18))*1000000 -> 0 | H18: =((ACCIDENTES!F18+ACCIDENTES!K18)/(HH!F18+HH!J18))*1000000 -> 0 | I18: =((ACCIDENTES!C18+ACCIDENTES!H18+ACCIDENTES!M18)/(HH!F18+HH!J18+HH!N18))*1000000 -> 0 | J18: =((ACCIDENTES!D18+ACCIDENTES!I18+ACCIDENTES!N18)/(HH!F18+HH!J18+HH!N18))*1000000 -> 0 | K18: =((ACCIDENTES!F18+ACCIDENTES!K18+ACCIDENTES!P18)/(HH!J18+HH!N18+HH!F18))*1000000 -> 0 | L18: =((ACCIDENTES!C18+ACCIDENTES!H18+ACCIDENTES!M18+ACCIDENTES!R18)/(HH!F18+HH!J18+HH!N18+HH!R18))*1000000 -> 0 | M18: =((ACCIDENTES!D18+ACCIDENTES!I18+ACCIDENTES!N18+ACCIDENTES!S18)/(HH!F18+HH!J18+HH!N18+HH!R18))*1000000 -> 0 | N18: =((ACCIDENTES!F18+ACCIDENTES!K18+ACCIDENTES!P18+ACCIDENTES!U18)/(HH!F18+HH!J18+HH!N18+HH!R18))*1000000 -> 0 | O18: =((ACCIDENTES!C18+ACCIDENTES!H18+ACCIDENTES!M18+ACCIDENTES!R18+ACCIDENTES!W18)/(HH!F18+HH!J18+HH!N18+HH!R18+HH!V18))*1000000 -> 0 | P18: =(((ACCIDENTES!D18+ACCIDENTES!I18+ACCIDENTES!N18+ACCIDENTES!S18+ACCIDENTES!X18)/(HH!F18+HH!J18+HH!N18+HH!R18+HH!V18))*1000000) -> 0 | Q18: =((ACCIDENTES!F18+ACCIDENTES!K18+ACCIDENTES!P18+ACCIDENTES!U18+ACCIDENTES!Z18)/(HH!F18+HH!J18+HH!N18+HH!R18+HH!V18))*1000000 -> 0 | R18: =(ACCIDENTES!C18+ACCIDENTES!H18+ACCIDENTES!M18+ACCIDENTES!R18+ACCIDENTES!W18+ACCIDENTES!AB18)*1000000/(HH!F18+HH!J18+HH!N18+HH!R18+HH!V18+HH!Z18) -> 0 | S18: =(ACCIDENTES!D18+ACCIDENTES!I18+ACCIDENTES!N18+ACCIDENTES!S18+ACCIDENTES!X18+ACCIDENTES!AC18)*1000000/(HH!F18+HH!J18+HH!N18+HH!R18+HH!V18+HH!Z18) -> 0 | T18: =(ACCIDENTES!F18+ACCIDENTES!K18+ACCIDENTES!P18+ACCIDENTES!U18+ACCIDENTES!Z18+ACCIDENTES!AE18)*1000000/(HH!F18+HH!J18+HH!N18+HH!R18+HH!V18+HH!Z18) -> 0 | U18: =((ACCIDENTES!C18+ACCIDENTES!H18+ACCIDENTES!M18+ACCIDENTES!R18+ACCIDENTES!W18+ACCIDENTES!AB18+ACCIDENTES!AG18)/(HH!F18+HH!J18+HH!N18+HH!R18+HH!V18+HH!Z18+HH!AD18))*1000000 -> 0 | V18: =((ACCIDENTES!D18+ACCIDENTES!I18+ACCIDENTES!N18+ACCIDENTES!S18+ACCIDENTES!X18+ACCIDENTES!AC18+ACCIDENTES!AH18)/(HH!F18+HH!J18+HH!N18+HH!R18+HH!V18+HH!Z18+HH!AD18))*1000000 -> 0 | W18: =((ACCIDENTES!F18+ACCIDENTES!K18+ACCIDENTES!P18+ACCIDENTES!U18+ACCIDENTES!Z18+ACCIDENTES!AE18+ACCIDENTES!AJ18)/(HH!F18+HH!J18+HH!N18+HH!R18+HH!V18+HH!Z18+HH!AD18))*1000000 -> 0 | X18: =((ACCIDENTES!C18+ACCIDENTES!H18+ACCIDENTES!M18+ACCIDENTES!R18+ACCIDENTES!W18+ACCIDENTES!AB18+ACCIDENTES!AG18+ACCIDENTES!AL18)/(HH!F18+HH!J18+HH!N18+HH!R18+HH!V18+HH!Z18+HH!AD18+HH!AH18))*1000000 -> 0 | Y18: =((ACCIDENTES!D18+ACCIDENTES!I18+ACCIDENTES!N18+ACCIDENTES!S18+ACCIDENTES!X18+ACCIDENTES!AC18+ACCIDENTES!AH18+ACCIDENTES!AM18)/(HH!F18+HH!J18+HH!N18+HH!R18+HH!V18+HH!Z18+HH!AD18+HH!AH18))*1000000 -> 0 | Z18: =((ACCIDENTES!F18+ACCIDENTES!K18+ACCIDENTES!P18+ACCIDENTES!U18+ACCIDENTES!Z18+ACCIDENTES!AE18+ACCIDENTES!AJ18+ACCIDENTES!AO18)/(HH!F18+HH!J18+HH!N18+HH!R18+HH!V18+HH!Z18+HH!AD18+HH!AH18))*1000000 -> 0 | AA18: =((ACCIDENTES!AQ18+ACCIDENTES!AL18+ACCIDENTES!AG18+ACCIDENTES!AB18+ACCIDENTES!W18+ACCIDENTES!R18+ACCIDENTES!M18+ACCIDENTES!H18+ACCIDENTES!C18)/(HH!AL18+HH!AH18+HH!AD18+HH!Z18+HH!V18+HH!R18+HH!N18+HH!J18+HH!F18))*1000000 -> 0 | AB18: =((ACCIDENTES!AR18+ACCIDENTES!AM18+ACCIDENTES!AH18+ACCIDENTES!AC18+ACCIDENTES!X18+ACCIDENTES!S18+ACCIDENTES!N18+ACCIDENTES!I18+ACCIDENTES!D18)/(HH!AL18+HH!AH18+HH!AD18+HH!Z18+HH!V18+HH!R18+HH!N18+HH!J18+HH!F18))*1000000 -> 0 | AC18: =((ACCIDENTES!F18+ACCIDENTES!K18+ACCIDENTES!P18+ACCIDENTES!U18+ACCIDENTES!Z18+ACCIDENTES!AE18+ACCIDENTES!AJ18+ACCIDENTES!AO18+ACCIDENTES!AT18)/(HH!F18+HH!J18+HH!N18+HH!R18+HH!V18+HH!Z18+HH!AD18+HH!AH18+HH!AL18))*1000000 -> 0 | AD18: =((ACCIDENTES!AV18+ACCIDENTES!AQ18+ACCIDENTES!AL18+ACCIDENTES!AG18+ACCIDENTES!AB18+ACCIDENTES!W18+ACCIDENTES!R18+ACCIDENTES!M18+ACCIDENTES!H18+ACCIDENTES!C18)/(HH!F18+HH!J18+HH!N18+HH!R18+HH!V18+HH!Z18+HH!AD18+HH!AH18+HH!AL18+HH!AP18))*1000000 -> 0 | AE18: =((ACCIDENTES!D18+ACCIDENTES!I18+ACCIDENTES!N18+ACCIDENTES!S18+ACCIDENTES!X18+ACCIDENTES!AC18+ACCIDENTES!AH18+ACCIDENTES!AM18+ACCIDENTES!AR18+ACCIDENTES!AW18)/(HH!AP18+HH!AL18+HH!AH18+HH!AD18+HH!Z18+HH!V18+HH!R18+HH!N18+HH!J18+HH!F18))*1000000 -> 0 | AF18: =((ACCIDENTES!AY18+ACCIDENTES!AT18+ACCIDENTES!AO18+ACCIDENTES!AJ18+ACCIDENTES!AE18+ACCIDENTES!Z18+ACCIDENTES!U18+ACCIDENTES!P18+ACCIDENTES!K18+ACCIDENTES!F18)/(HH!F18+HH!J18+HH!N18+HH!R18+HH!V18+HH!Z18+HH!AD18+HH!AH18+HH!AL18+HH!AP18))*1000000 -> 0 | AG18: =((ACCIDENTES!BA18+ACCIDENTES!AV18+ACCIDENTES!AQ18+ACCIDENTES!AL18+ACCIDENTES!AG18+ACCIDENTES!AB18+ACCIDENTES!W18+ACCIDENTES!R18+ACCIDENTES!M18+ACCIDENTES!H18+ACCIDENTES!C18)/(HH!AT18+HH!AP18+HH!AL18+HH!AH18+HH!AD18+HH!Z18+HH!V18+HH!R18+HH!N18+HH!J18+HH!F18))*1000000 -> 0 | AH18: =((ACCIDENTES!D18+ACCIDENTES!I18+ACCIDENTES!N18+ACCIDENTES!S18+ACCIDENTES!X18+ACCIDENTES!AC18+ACCIDENTES!AH18+ACCIDENTES!AM18+ACCIDENTES!AR18+ACCIDENTES!AW18+ACCIDENTES!BB18)/(HH!F18+HH!J18+HH!N18+HH!R18+HH!V18+HH!Z18+HH!AD18+HH!AH18+HH!AL18+HH!AP18+HH!AT18))*1000000 -> 0 | AI18: =((ACCIDENTES!BD18+ACCIDENTES!AY18+ACCIDENTES!AT18+ACCIDENTES!AO18+ACCIDENTES!AJ18+ACCIDENTES!AE18+ACCIDENTES!Z18+ACCIDENTES!U18+ACCIDENTES!P18+ACCIDENTES!K18+ACCIDENTES!F18)/(HH!F18+HH!J18+HH!N18+HH!R18+HH!V18+HH!Z18+HH!AD18+HH!AH18+HH!AL18+HH!AP18+HH!AT18))*1000000 -> 0 | AJ18: =(ACCIDENTES!BK18/HH!BB18)*1000000 -> 9.900402 | AK18: =(ACCIDENTES!BL18/HH!BB18)*1000000 -> 158.40643 | AL18: =(ACCIDENTES!BN18/HH!BB18)*1000000 -> 9.900402 | AN18: =AW18 -> 0 | AO18: =BA18 -> 0
A19: ALICORP SAA | B19: APT MSR | C19: =(ACCIDENTES!C19/HH!F19)*1000000 -> 0 | D19: =(ACCIDENTES!D19/HH!F19)*1000000 -> 0 | E19: =(ACCIDENTES!F19/HH!F19)*1000000 -> 0 | F19: =((ACCIDENTES!C19+ACCIDENTES!H19)/(HH!F19+HH!J19))*1000000 -> 0 | G19: =((ACCIDENTES!D19+ACCIDENTES!I19)/(HH!F19+HH!J19))*1000000 -> 0 | H19: =((ACCIDENTES!F19+ACCIDENTES!K19)/(HH!F19+HH!J19))*1000000 -> 0 | I19: =((ACCIDENTES!C19+ACCIDENTES!H19+ACCIDENTES!M19)/(HH!F19+HH!J19+HH!N19))*1000000 -> 0 | J19: =((ACCIDENTES!D19+ACCIDENTES!I19+ACCIDENTES!N19)/(HH!F19+HH!J19+HH!N19))*1000000 -> 0 | K19: =((ACCIDENTES!F19+ACCIDENTES!K19+ACCIDENTES!P19)/(HH!J19+HH!N19+HH!F19))*1000000 -> 0 | L19: =((ACCIDENTES!C19+ACCIDENTES!H19+ACCIDENTES!M19+ACCIDENTES!R19)/(HH!F19+HH!J19+HH!N19+HH!R19))*1000000 -> 0 | M19: =((ACCIDENTES!D19+ACCIDENTES!I19+ACCIDENTES!N19+ACCIDENTES!S19)/(HH!F19+HH!J19+HH!N19+HH!R19))*1000000 -> 0 | N19: =((ACCIDENTES!F19+ACCIDENTES!K19+ACCIDENTES!P19+ACCIDENTES!U19)/(HH!F19+HH!J19+HH!N19+HH!R19))*1000000 -> 0 | O19: =((ACCIDENTES!C19+ACCIDENTES!H19+ACCIDENTES!M19+ACCIDENTES!R19+ACCIDENTES!W19)/(HH!F19+HH!J19+HH!N19+HH!R19+HH!V19))*1000000 -> 0 | P19: =(((ACCIDENTES!D19+ACCIDENTES!I19+ACCIDENTES!N19+ACCIDENTES!S19+ACCIDENTES!X19)/(HH!F19+HH!J19+HH!N19+HH!R19+HH!V19))*1000000) -> 0 | Q19: =((ACCIDENTES!F19+ACCIDENTES!K19+ACCIDENTES!P19+ACCIDENTES!U19+ACCIDENTES!Z19)/(HH!F19+HH!J19+HH!N19+HH!R19+HH!V19))*1000000 -> 0 | R19: =(ACCIDENTES!C19+ACCIDENTES!H19+ACCIDENTES!M19+ACCIDENTES!R19+ACCIDENTES!W19+ACCIDENTES!AB19)*1000000/(HH!F19+HH!J19+HH!N19+HH!R19+HH!V19+HH!Z19) -> 0 | S19: =(ACCIDENTES!D19+ACCIDENTES!I19+ACCIDENTES!N19+ACCIDENTES!S19+ACCIDENTES!X19+ACCIDENTES!AC19)*1000000/(HH!F19+HH!J19+HH!N19+HH!R19+HH!V19+HH!Z19) -> 0 | T19: =(ACCIDENTES!F19+ACCIDENTES!K19+ACCIDENTES!P19+ACCIDENTES!U19+ACCIDENTES!Z19+ACCIDENTES!AE19)*1000000/(HH!F19+HH!J19+HH!N19+HH!R19+HH!V19+HH!Z19) -> 0 | U19: =((ACCIDENTES!C19+ACCIDENTES!H19+ACCIDENTES!M19+ACCIDENTES!R19+ACCIDENTES!W19+ACCIDENTES!AB19+ACCIDENTES!AG19)/(HH!F19+HH!J19+HH!N19+HH!R19+HH!V19+HH!Z19+HH!AD19))*1000000 -> 0 | V19: =((ACCIDENTES!D19+ACCIDENTES!I19+ACCIDENTES!N19+ACCIDENTES!S19+ACCIDENTES!X19+ACCIDENTES!AC19+ACCIDENTES!AH19)/(HH!F19+HH!J19+HH!N19+HH!R19+HH!V19+HH!Z19+HH!AD19))*1000000 -> 0 | W19: =((ACCIDENTES!F19+ACCIDENTES!K19+ACCIDENTES!P19+ACCIDENTES!U19+ACCIDENTES!Z19+ACCIDENTES!AE19+ACCIDENTES!AJ19)/(HH!F19+HH!J19+HH!N19+HH!R19+HH!V19+HH!Z19+HH!AD19))*1000000 -> 0 | X19: =((ACCIDENTES!C19+ACCIDENTES!H19+ACCIDENTES!M19+ACCIDENTES!R19+ACCIDENTES!W19+ACCIDENTES!AB19+ACCIDENTES!AG19+ACCIDENTES!AL19)/(HH!F19+HH!J19+HH!N19+HH!R19+HH!V19+HH!Z19+HH!AD19+HH!AH19))*1000000 -> 0 | Y19: =((ACCIDENTES!D19+ACCIDENTES!I19+ACCIDENTES!N19+ACCIDENTES!S19+ACCIDENTES!X19+ACCIDENTES!AC19+ACCIDENTES!AH19+ACCIDENTES!AM19)/(HH!F19+HH!J19+HH!N19+HH!R19+HH!V19+HH!Z19+HH!AD19+HH!AH19))*1000000 -> 0 | Z19: =((ACCIDENTES!F19+ACCIDENTES!K19+ACCIDENTES!P19+ACCIDENTES!U19+ACCIDENTES!Z19+ACCIDENTES!AE19+ACCIDENTES!AJ19+ACCIDENTES!AO19)/(HH!F19+HH!J19+HH!N19+HH!R19+HH!V19+HH!Z19+HH!AD19+HH!AH19))*1000000 -> 0 | AA19: =((ACCIDENTES!AQ19+ACCIDENTES!AL19+ACCIDENTES!AG19+ACCIDENTES!AB19+ACCIDENTES!W19+ACCIDENTES!R19+ACCIDENTES!M19+ACCIDENTES!H19+ACCIDENTES!C19)/(HH!AL19+HH!AH19+HH!AD19+HH!Z19+HH!V19+HH!R19+HH!N19+HH!J19+HH!F19))*1000000 -> 0 | AB19: =((ACCIDENTES!AR19+ACCIDENTES!AM19+ACCIDENTES!AH19+ACCIDENTES!AC19+ACCIDENTES!X19+ACCIDENTES!S19+ACCIDENTES!N19+ACCIDENTES!I19+ACCIDENTES!D19)/(HH!AL19+HH!AH19+HH!AD19+HH!Z19+HH!V19+HH!R19+HH!N19+HH!J19+HH!F19))*1000000 -> 0 | AC19: =((ACCIDENTES!F19+ACCIDENTES!K19+ACCIDENTES!P19+ACCIDENTES!U19+ACCIDENTES!Z19+ACCIDENTES!AE19+ACCIDENTES!AJ19+ACCIDENTES!AO19+ACCIDENTES!AT19)/(HH!F19+HH!J19+HH!N19+HH!R19+HH!V19+HH!Z19+HH!AD19+HH!AH19+HH!AL19))*1000000 -> 0 | AD19: =((ACCIDENTES!AV19+ACCIDENTES!AQ19+ACCIDENTES!AL19+ACCIDENTES!AG19+ACCIDENTES!AB19+ACCIDENTES!W19+ACCIDENTES!R19+ACCIDENTES!M19+ACCIDENTES!H19+ACCIDENTES!C19)/(HH!F19+HH!J19+HH!N19+HH!R19+HH!V19+HH!Z19+HH!AD19+HH!AH19+HH!AL19+HH!AP19))*1000000 -> 0 | AE19: =((ACCIDENTES!D19+ACCIDENTES!I19+ACCIDENTES!N19+ACCIDENTES!S19+ACCIDENTES!X19+ACCIDENTES!AC19+ACCIDENTES!AH19+ACCIDENTES!AM19+ACCIDENTES!AR19+ACCIDENTES!AW19)/(HH!AP19+HH!AL19+HH!AH19+HH!AD19+HH!Z19+HH!V19+HH!R19+HH!N19+HH!J19+HH!F19))*1000000 -> 0 | AF19: =((ACCIDENTES!AY19+ACCIDENTES!AT19+ACCIDENTES!AO19+ACCIDENTES!AJ19+ACCIDENTES!AE19+ACCIDENTES!Z19+ACCIDENTES!U19+ACCIDENTES!P19+ACCIDENTES!K19+ACCIDENTES!F19)/(HH!F19+HH!J19+HH!N19+HH!R19+HH!V19+HH!Z19+HH!AD19+HH!AH19+HH!AL19+HH!AP19))*1000000 -> 0 | AG19: =((ACCIDENTES!BA19+ACCIDENTES!AV19+ACCIDENTES!AQ19+ACCIDENTES!AL19+ACCIDENTES!AG19+ACCIDENTES!AB19+ACCIDENTES!W19+ACCIDENTES!R19+ACCIDENTES!M19+ACCIDENTES!H19+ACCIDENTES!C19)/(HH!AT19+HH!AP19+HH!AL19+HH!AH19+HH!AD19+HH!Z19+HH!V19+HH!R19+HH!N19+HH!J19+HH!F19))*1000000 -> 0 | AH19: =((ACCIDENTES!D19+ACCIDENTES!I19+ACCIDENTES!N19+ACCIDENTES!S19+ACCIDENTES!X19+ACCIDENTES!AC19+ACCIDENTES!AH19+ACCIDENTES!AM19+ACCIDENTES!AR19+ACCIDENTES!AW19+ACCIDENTES!BB19)/(HH!F19+HH!J19+HH!N19+HH!R19+HH!V19+HH!Z19+HH!AD19+HH!AH19+HH!AL19+HH!AP19+HH!AT19))*1000000 -> 0 | AI19: =((ACCIDENTES!BD19+ACCIDENTES!AY19+ACCIDENTES!AT19+ACCIDENTES!AO19+ACCIDENTES!AJ19+ACCIDENTES!AE19+ACCIDENTES!Z19+ACCIDENTES!U19+ACCIDENTES!P19+ACCIDENTES!K19+ACCIDENTES!F19)/(HH!F19+HH!J19+HH!N19+HH!R19+HH!V19+HH!Z19+HH!AD19+HH!AH19+HH!AL19+HH!AP19+HH!AT19))*1000000 -> 0 | AJ19: =(ACCIDENTES!BK19/HH!BB19)*1000000 -> 0 | AK19: =(ACCIDENTES!BL19/HH!BB19)*1000000 -> 0 | AL19: =(ACCIDENTES!BN19/HH!BB19)*1000000 -> 0 | AN19: =AW19 -> 0 | AO19: =BA19 -> 0
A20: ALICORP SAA | B20: CD Agustino | C20: =(ACCIDENTES!C20/HH!F20)*1000000 -> 0 | D20: =(ACCIDENTES!D20/HH!F20)*1000000 -> 0 | E20: =(ACCIDENTES!F20/HH!F20)*1000000 -> 0 | F20: =((ACCIDENTES!C20+ACCIDENTES!H20)/(HH!F20+HH!J20))*1000000 -> 0 | G20: =((ACCIDENTES!D20+ACCIDENTES!I20)/(HH!F20+HH!J20))*1000000 -> 0 | H20: =((ACCIDENTES!F20+ACCIDENTES!K20)/(HH!F20+HH!J20))*1000000 -> 0 | I20: =((ACCIDENTES!C20+ACCIDENTES!H20+ACCIDENTES!M20)/(HH!F20+HH!J20+HH!N20))*1000000 -> 0 | J20: =((ACCIDENTES!D20+ACCIDENTES!I20+ACCIDENTES!N20)/(HH!F20+HH!J20+HH!N20))*1000000 -> 0 | K20: =((ACCIDENTES!F20+ACCIDENTES!K20+ACCIDENTES!P20)/(HH!J20+HH!N20+HH!F20))*1000000 -> 0 | L20: =((ACCIDENTES!C20+ACCIDENTES!H20+ACCIDENTES!M20+ACCIDENTES!R20)/(HH!F20+HH!J20+HH!N20+HH!R20))*1000000 -> 0 | M20: =((ACCIDENTES!D20+ACCIDENTES!I20+ACCIDENTES!N20+ACCIDENTES!S20)/(HH!F20+HH!J20+HH!N20+HH!R20))*1000000 -> 0 | N20: =((ACCIDENTES!F20+ACCIDENTES!K20+ACCIDENTES!P20+ACCIDENTES!U20)/(HH!F20+HH!J20+HH!N20+HH!R20))*1000000 -> 0 | O20: =((ACCIDENTES!C20+ACCIDENTES!H20+ACCIDENTES!M20+ACCIDENTES!R20+ACCIDENTES!W20)/(HH!F20+HH!J20+HH!N20+HH!R20+HH!V20))*1000000 -> 0 | P20: =(((ACCIDENTES!D20+ACCIDENTES!I20+ACCIDENTES!N20+ACCIDENTES!S20+ACCIDENTES!X20)/(HH!F20+HH!J20+HH!N20+HH!R20+HH!V20))*1000000) -> 0 | Q20: =((ACCIDENTES!F20+ACCIDENTES!K20+ACCIDENTES!P20+ACCIDENTES!U20+ACCIDENTES!Z20)/(HH!F20+HH!J20+HH!N20+HH!R20+HH!V20))*1000000 -> 0 | R20: =(ACCIDENTES!C20+ACCIDENTES!H20+ACCIDENTES!M20+ACCIDENTES!R20+ACCIDENTES!W20+ACCIDENTES!AB20)*1000000/(HH!F20+HH!J20+HH!N20+HH!R20+HH!V20+HH!Z20) -> 0 | S20: =(ACCIDENTES!D20+ACCIDENTES!I20+ACCIDENTES!N20+ACCIDENTES!S20+ACCIDENTES!X20+ACCIDENTES!AC20)*1000000/(HH!F20+HH!J20+HH!N20+HH!R20+HH!V20+HH!Z20) -> 0 | T20: =(ACCIDENTES!F20+ACCIDENTES!K20+ACCIDENTES!P20+ACCIDENTES!U20+ACCIDENTES!Z20+ACCIDENTES!AE20)*1000000/(HH!F20+HH!J20+HH!N20+HH!R20+HH!V20+HH!Z20) -> 0 | U20: =((ACCIDENTES!C20+ACCIDENTES!H20+ACCIDENTES!M20+ACCIDENTES!R20+ACCIDENTES!W20+ACCIDENTES!AB20+ACCIDENTES!AG20)/(HH!F20+HH!J20+HH!N20+HH!R20+HH!V20+HH!Z20+HH!AD20))*1000000 -> 0 | V20: =((ACCIDENTES!D20+ACCIDENTES!I20+ACCIDENTES!N20+ACCIDENTES!S20+ACCIDENTES!X20+ACCIDENTES!AC20+ACCIDENTES!AH20)/(HH!F20+HH!J20+HH!N20+HH!R20+HH!V20+HH!Z20+HH!AD20))*1000000 -> 0 | W20: =((ACCIDENTES!F20+ACCIDENTES!K20+ACCIDENTES!P20+ACCIDENTES!U20+ACCIDENTES!Z20+ACCIDENTES!AE20+ACCIDENTES!AJ20)/(HH!F20+HH!J20+HH!N20+HH!R20+HH!V20+HH!Z20+HH!AD20))*1000000 -> 0 | X20: =((ACCIDENTES!C20+ACCIDENTES!H20+ACCIDENTES!M20+ACCIDENTES!R20+ACCIDENTES!W20+ACCIDENTES!AB20+ACCIDENTES!AG20+ACCIDENTES!AL20)/(HH!F20+HH!J20+HH!N20+HH!R20+HH!V20+HH!Z20+HH!AD20+HH!AH20))*1000000 -> 0 | Y20: =((ACCIDENTES!D20+ACCIDENTES!I20+ACCIDENTES!N20+ACCIDENTES!S20+ACCIDENTES!X20+ACCIDENTES!AC20+ACCIDENTES!AH20+ACCIDENTES!AM20)/(HH!F20+HH!J20+HH!N20+HH!R20+HH!V20+HH!Z20+HH!AD20+HH!AH20))*1000000 -> 0 | Z20: =((ACCIDENTES!F20+ACCIDENTES!K20+ACCIDENTES!P20+ACCIDENTES!U20+ACCIDENTES!Z20+ACCIDENTES!AE20+ACCIDENTES!AJ20+ACCIDENTES!AO20)/(HH!F20+HH!J20+HH!N20+HH!R20+HH!V20+HH!Z20+HH!AD20+HH!AH20))*1000000 -> 0 | AA20: =((ACCIDENTES!AQ20+ACCIDENTES!AL20+ACCIDENTES!AG20+ACCIDENTES!AB20+ACCIDENTES!W20+ACCIDENTES!R20+ACCIDENTES!M20+ACCIDENTES!H20+ACCIDENTES!C20)/(HH!AL20+HH!AH20+HH!AD20+HH!Z20+HH!V20+HH!R20+HH!N20+HH!J20+HH!F20))*1000000 -> 0 | AB20: =((ACCIDENTES!AR20+ACCIDENTES!AM20+ACCIDENTES!AH20+ACCIDENTES!AC20+ACCIDENTES!X20+ACCIDENTES!S20+ACCIDENTES!N20+ACCIDENTES!I20+ACCIDENTES!D20)/(HH!AL20+HH!AH20+HH!AD20+HH!Z20+HH!V20+HH!R20+HH!N20+HH!J20+HH!F20))*1000000 -> 0 | AC20: =((ACCIDENTES!F20+ACCIDENTES!K20+ACCIDENTES!P20+ACCIDENTES!U20+ACCIDENTES!Z20+ACCIDENTES!AE20+ACCIDENTES!AJ20+ACCIDENTES!AO20+ACCIDENTES!AT20)/(HH!F20+HH!J20+HH!N20+HH!R20+HH!V20+HH!Z20+HH!AD20+HH!AH20+HH!AL20))*1000000 -> 0 | AD20: =((ACCIDENTES!AV20+ACCIDENTES!AQ20+ACCIDENTES!AL20+ACCIDENTES!AG20+ACCIDENTES!AB20+ACCIDENTES!W20+ACCIDENTES!R20+ACCIDENTES!M20+ACCIDENTES!H20+ACCIDENTES!C20)/(HH!F20+HH!J20+HH!N20+HH!R20+HH!V20+HH!Z20+HH!AD20+HH!AH20+HH!AL20+HH!AP20))*1000000 -> 0 | AE20: =((ACCIDENTES!D20+ACCIDENTES!I20+ACCIDENTES!N20+ACCIDENTES!S20+ACCIDENTES!X20+ACCIDENTES!AC20+ACCIDENTES!AH20+ACCIDENTES!AM20+ACCIDENTES!AR20+ACCIDENTES!AW20)/(HH!AP20+HH!AL20+HH!AH20+HH!AD20+HH!Z20+HH!V20+HH!R20+HH!N20+HH!J20+HH!F20))*1000000 -> 0 | AF20: =((ACCIDENTES!AY20+ACCIDENTES!AT20+ACCIDENTES!AO20+ACCIDENTES!AJ20+ACCIDENTES!AE20+ACCIDENTES!Z20+ACCIDENTES!U20+ACCIDENTES!P20+ACCIDENTES!K20+ACCIDENTES!F20)/(HH!F20+HH!J20+HH!N20+HH!R20+HH!V20+HH!Z20+HH!AD20+HH!AH20+HH!AL20+HH!AP20))*1000000 -> 0 | AG20: =((ACCIDENTES!BA20+ACCIDENTES!AV20+ACCIDENTES!AQ20+ACCIDENTES!AL20+ACCIDENTES!AG20+ACCIDENTES!AB20+ACCIDENTES!W20+ACCIDENTES!R20+ACCIDENTES!M20+ACCIDENTES!H20+ACCIDENTES!C20)/(HH!AT20+HH!AP20+HH!AL20+HH!AH20+HH!AD20+HH!Z20+HH!V20+HH!R20+HH!N20+HH!J20+HH!F20))*1000000 -> 0 | AH20: =((ACCIDENTES!D20+ACCIDENTES!I20+ACCIDENTES!N20+ACCIDENTES!S20+ACCIDENTES!X20+ACCIDENTES!AC20+ACCIDENTES!AH20+ACCIDENTES!AM20+ACCIDENTES!AR20+ACCIDENTES!AW20+ACCIDENTES!BB20)/(HH!F20+HH!J20+HH!N20+HH!R20+HH!V20+HH!Z20+HH!AD20+HH!AH20+HH!AL20+HH!AP20+HH!AT20))*1000000 -> 0 | AI20: =((ACCIDENTES!BD20+ACCIDENTES!AY20+ACCIDENTES!AT20+ACCIDENTES!AO20+ACCIDENTES!AJ20+ACCIDENTES!AE20+ACCIDENTES!Z20+ACCIDENTES!U20+ACCIDENTES!P20+ACCIDENTES!K20+ACCIDENTES!F20)/(HH!F20+HH!J20+HH!N20+HH!R20+HH!V20+HH!Z20+HH!AD20+HH!AH20+HH!AL20+HH!AP20+HH!AT20))*1000000 -> 0 | AJ20: =(ACCIDENTES!BK20/HH!BB20)*1000000 -> 0 | AK20: =(ACCIDENTES!BL20/HH!BB20)*1000000 -> 0 | AL20: =(ACCIDENTES!BN20/HH!BB20)*1000000 -> 0 | AN20: =AW20 -> 0 | AO20: =BA20 -> 0
A21: ALICORP SAA | B21: APT Farináceos | C21: =(ACCIDENTES!C21/HH!F21)*1000000 -> 0 | D21: =(ACCIDENTES!D21/HH!F21)*1000000 -> 0 | E21: =(ACCIDENTES!F21/HH!F21)*1000000 -> 0 | F21: =((ACCIDENTES!C21+ACCIDENTES!H21)/(HH!F21+HH!J21))*1000000 -> 0 | G21: =((ACCIDENTES!D21+ACCIDENTES!I21)/(HH!F21+HH!J21))*1000000 -> 0 | H21: =((ACCIDENTES!F21+ACCIDENTES!K21)/(HH!F21+HH!J21))*1000000 -> 0 | I21: =((ACCIDENTES!C21+ACCIDENTES!H21+ACCIDENTES!M21)/(HH!F21+HH!J21+HH!N21))*1000000 -> 0 | J21: =((ACCIDENTES!D21+ACCIDENTES!I21+ACCIDENTES!N21)/(HH!F21+HH!J21+HH!N21))*1000000 -> 0 | K21: =((ACCIDENTES!F21+ACCIDENTES!K21+ACCIDENTES!P21)/(HH!J21+HH!N21+HH!F21))*1000000 -> 0 | L21: =((ACCIDENTES!C21+ACCIDENTES!H21+ACCIDENTES!M21+ACCIDENTES!R21)/(HH!F21+HH!J21+HH!N21+HH!R21))*1000000 -> 0 | M21: =((ACCIDENTES!D21+ACCIDENTES!I21+ACCIDENTES!N21+ACCIDENTES!S21)/(HH!F21+HH!J21+HH!N21+HH!R21))*1000000 -> 0 | N21: =((ACCIDENTES!F21+ACCIDENTES!K21+ACCIDENTES!P21+ACCIDENTES!U21)/(HH!F21+HH!J21+HH!N21+HH!R21))*1000000 -> 0 | O21: =((ACCIDENTES!C21+ACCIDENTES!H21+ACCIDENTES!M21+ACCIDENTES!R21+ACCIDENTES!W21)/(HH!F21+HH!J21+HH!N21+HH!R21+HH!V21))*1000000 -> 0 | P21: =(((ACCIDENTES!D21+ACCIDENTES!I21+ACCIDENTES!N21+ACCIDENTES!S21+ACCIDENTES!X21)/(HH!F21+HH!J21+HH!N21+HH!R21+HH!V21))*1000000) -> 0 | Q21: =((ACCIDENTES!F21+ACCIDENTES!K21+ACCIDENTES!P21+ACCIDENTES!U21+ACCIDENTES!Z21)/(HH!F21+HH!J21+HH!N21+HH!R21+HH!V21))*1000000 -> 0 | R21: =(ACCIDENTES!C21+ACCIDENTES!H21+ACCIDENTES!M21+ACCIDENTES!R21+ACCIDENTES!W21+ACCIDENTES!AB21)*1000000/(HH!F21+HH!J21+HH!N21+HH!R21+HH!V21+HH!Z21) -> 0 | S21: =(ACCIDENTES!D21+ACCIDENTES!I21+ACCIDENTES!N21+ACCIDENTES!S21+ACCIDENTES!X21+ACCIDENTES!AC21)*1000000/(HH!F21+HH!J21+HH!N21+HH!R21+HH!V21+HH!Z21) -> 0 | T21: =(ACCIDENTES!F21+ACCIDENTES!K21+ACCIDENTES!P21+ACCIDENTES!U21+ACCIDENTES!Z21+ACCIDENTES!AE21)*1000000/(HH!F21+HH!J21+HH!N21+HH!R21+HH!V21+HH!Z21) -> 0 | U21: =((ACCIDENTES!C21+ACCIDENTES!H21+ACCIDENTES!M21+ACCIDENTES!R21+ACCIDENTES!W21+ACCIDENTES!AB21+ACCIDENTES!AG21)/(HH!F21+HH!J21+HH!N21+HH!R21+HH!V21+HH!Z21+HH!AD21))*1000000 -> 0 | V21: =((ACCIDENTES!D21+ACCIDENTES!I21+ACCIDENTES!N21+ACCIDENTES!S21+ACCIDENTES!X21+ACCIDENTES!AC21+ACCIDENTES!AH21)/(HH!F21+HH!J21+HH!N21+HH!R21+HH!V21+HH!Z21+HH!AD21))*1000000 -> 0 | W21: =((ACCIDENTES!F21+ACCIDENTES!K21+ACCIDENTES!P21+ACCIDENTES!U21+ACCIDENTES!Z21+ACCIDENTES!AE21+ACCIDENTES!AJ21)/(HH!F21+HH!J21+HH!N21+HH!R21+HH!V21+HH!Z21+HH!AD21))*1000000 -> 0 | X21: =((ACCIDENTES!C21+ACCIDENTES!H21+ACCIDENTES!M21+ACCIDENTES!R21+ACCIDENTES!W21+ACCIDENTES!AB21+ACCIDENTES!AG21+ACCIDENTES!AL21)/(HH!F21+HH!J21+HH!N21+HH!R21+HH!V21+HH!Z21+HH!AD21+HH!AH21))*1000000 -> 0 | Y21: =((ACCIDENTES!D21+ACCIDENTES!I21+ACCIDENTES!N21+ACCIDENTES!S21+ACCIDENTES!X21+ACCIDENTES!AC21+ACCIDENTES!AH21+ACCIDENTES!AM21)/(HH!F21+HH!J21+HH!N21+HH!R21+HH!V21+HH!Z21+HH!AD21+HH!AH21))*1000000 -> 0 | Z21: =((ACCIDENTES!F21+ACCIDENTES!K21+ACCIDENTES!P21+ACCIDENTES!U21+ACCIDENTES!Z21+ACCIDENTES!AE21+ACCIDENTES!AJ21+ACCIDENTES!AO21)/(HH!F21+HH!J21+HH!N21+HH!R21+HH!V21+HH!Z21+HH!AD21+HH!AH21))*1000000 -> 0 | AA21: =((ACCIDENTES!AQ21+ACCIDENTES!AL21+ACCIDENTES!AG21+ACCIDENTES!AB21+ACCIDENTES!W21+ACCIDENTES!R21+ACCIDENTES!M21+ACCIDENTES!H21+ACCIDENTES!C21)/(HH!AL21+HH!AH21+HH!AD21+HH!Z21+HH!V21+HH!R21+HH!N21+HH!J21+HH!F21))*1000000 -> 0 | AB21: =((ACCIDENTES!AR21+ACCIDENTES!AM21+ACCIDENTES!AH21+ACCIDENTES!AC21+ACCIDENTES!X21+ACCIDENTES!S21+ACCIDENTES!N21+ACCIDENTES!I21+ACCIDENTES!D21)/(HH!AL21+HH!AH21+HH!AD21+HH!Z21+HH!V21+HH!R21+HH!N21+HH!J21+HH!F21))*1000000 -> 0 | AC21: =((ACCIDENTES!F21+ACCIDENTES!K21+ACCIDENTES!P21+ACCIDENTES!U21+ACCIDENTES!Z21+ACCIDENTES!AE21+ACCIDENTES!AJ21+ACCIDENTES!AO21+ACCIDENTES!AT21)/(HH!F21+HH!J21+HH!N21+HH!R21+HH!V21+HH!Z21+HH!AD21+HH!AH21+HH!AL21))*1000000 -> 0 | AD21: =((ACCIDENTES!AV21+ACCIDENTES!AQ21+ACCIDENTES!AL21+ACCIDENTES!AG21+ACCIDENTES!AB21+ACCIDENTES!W21+ACCIDENTES!R21+ACCIDENTES!M21+ACCIDENTES!H21+ACCIDENTES!C21)/(HH!F21+HH!J21+HH!N21+HH!R21+HH!V21+HH!Z21+HH!AD21+HH!AH21+HH!AL21+HH!AP21))*1000000 -> 0 | AE21: =((ACCIDENTES!D21+ACCIDENTES!I21+ACCIDENTES!N21+ACCIDENTES!S21+ACCIDENTES!X21+ACCIDENTES!AC21+ACCIDENTES!AH21+ACCIDENTES!AM21+ACCIDENTES!AR21+ACCIDENTES!AW21)/(HH!AP21+HH!AL21+HH!AH21+HH!AD21+HH!Z21+HH!V21+HH!R21+HH!N21+HH!J21+HH!F21))*1000000 -> 0 | AF21: =((ACCIDENTES!AY21+ACCIDENTES!AT21+ACCIDENTES!AO21+ACCIDENTES!AJ21+ACCIDENTES!AE21+ACCIDENTES!Z21+ACCIDENTES!U21+ACCIDENTES!P21+ACCIDENTES!K21+ACCIDENTES!F21)/(HH!F21+HH!J21+HH!N21+HH!R21+HH!V21+HH!Z21+HH!AD21+HH!AH21+HH!AL21+HH!AP21))*1000000 -> 0 | AG21: =((ACCIDENTES!BA21+ACCIDENTES!AV21+ACCIDENTES!AQ21+ACCIDENTES!AL21+ACCIDENTES!AG21+ACCIDENTES!AB21+ACCIDENTES!W21+ACCIDENTES!R21+ACCIDENTES!M21+ACCIDENTES!H21+ACCIDENTES!C21)/(HH!AT21+HH!AP21+HH!AL21+HH!AH21+HH!AD21+HH!Z21+HH!V21+HH!R21+HH!N21+HH!J21+HH!F21))*1000000 -> 0 | AH21: =((ACCIDENTES!D21+ACCIDENTES!I21+ACCIDENTES!N21+ACCIDENTES!S21+ACCIDENTES!X21+ACCIDENTES!AC21+ACCIDENTES!AH21+ACCIDENTES!AM21+ACCIDENTES!AR21+ACCIDENTES!AW21+ACCIDENTES!BB21)/(HH!F21+HH!J21+HH!N21+HH!R21+HH!V21+HH!Z21+HH!AD21+HH!AH21+HH!AL21+HH!AP21+HH!AT21))*1000000 -> 0 | AI21: =((ACCIDENTES!BD21+ACCIDENTES!AY21+ACCIDENTES!AT21+ACCIDENTES!AO21+ACCIDENTES!AJ21+ACCIDENTES!AE21+ACCIDENTES!Z21+ACCIDENTES!U21+ACCIDENTES!P21+ACCIDENTES!K21+ACCIDENTES!F21)/(HH!F21+HH!J21+HH!N21+HH!R21+HH!V21+HH!Z21+HH!AD21+HH!AH21+HH!AL21+HH!AP21+HH!AT21))*1000000 -> 0 | AJ21: =(ACCIDENTES!BK21/HH!BB21)*1000000 -> 0 | AK21: =(ACCIDENTES!BL21/HH!BB21)*1000000 -> 0 | AL21: =(ACCIDENTES!BN21/HH!BB21)*1000000 -> 0 | AN21: =AW21 -> 0 | AO21: =BA21 -> 0
A22: ALICORP SAA | B22: APUDEX | C22: =(ACCIDENTES!C22/HH!F22)*1000000 -> 0 | D22: =(ACCIDENTES!D22/HH!F22)*1000000 -> 0 | E22: =(ACCIDENTES!F22/HH!F22)*1000000 -> 0 | F22: =((ACCIDENTES!C22+ACCIDENTES!H22)/(HH!F22+HH!J22))*1000000 -> 0 | G22: =((ACCIDENTES!D22+ACCIDENTES!I22)/(HH!F22+HH!J22))*1000000 -> 0 | H22: =((ACCIDENTES!F22+ACCIDENTES!K22)/(HH!F22+HH!J22))*1000000 -> 0 | I22: =((ACCIDENTES!C22+ACCIDENTES!H22+ACCIDENTES!M22)/(HH!F22+HH!J22+HH!N22))*1000000 -> 0 | J22: =((ACCIDENTES!D22+ACCIDENTES!I22+ACCIDENTES!N22)/(HH!F22+HH!J22+HH!N22))*1000000 -> 0 | K22: =((ACCIDENTES!F22+ACCIDENTES!K22+ACCIDENTES!P22)/(HH!J22+HH!N22+HH!F22))*1000000 -> 0 | L22: =((ACCIDENTES!C22+ACCIDENTES!H22+ACCIDENTES!M22+ACCIDENTES!R22)/(HH!F22+HH!J22+HH!N22+HH!R22))*1000000 -> 0 | M22: =((ACCIDENTES!D22+ACCIDENTES!I22+ACCIDENTES!N22+ACCIDENTES!S22)/(HH!F22+HH!J22+HH!N22+HH!R22))*1000000 -> 0 | N22: =((ACCIDENTES!F22+ACCIDENTES!K22+ACCIDENTES!P22+ACCIDENTES!U22)/(HH!F22+HH!J22+HH!N22+HH!R22))*1000000 -> 0 | O22: =((ACCIDENTES!C22+ACCIDENTES!H22+ACCIDENTES!M22+ACCIDENTES!R22+ACCIDENTES!W22)/(HH!F22+HH!J22+HH!N22+HH!R22+HH!V22))*1000000 -> 0 | P22: =(((ACCIDENTES!D22+ACCIDENTES!I22+ACCIDENTES!N22+ACCIDENTES!S22+ACCIDENTES!X22)/(HH!F22+HH!J22+HH!N22+HH!R22+HH!V22))*1000000) -> 0 | Q22: =((ACCIDENTES!F22+ACCIDENTES!K22+ACCIDENTES!P22+ACCIDENTES!U22+ACCIDENTES!Z22)/(HH!F22+HH!J22+HH!N22+HH!R22+HH!V22))*1000000 -> 0 | R22: =(ACCIDENTES!C22+ACCIDENTES!H22+ACCIDENTES!M22+ACCIDENTES!R22+ACCIDENTES!W22+ACCIDENTES!AB22)*1000000/(HH!F22+HH!J22+HH!N22+HH!R22+HH!V22+HH!Z22) -> 0 | S22: =(ACCIDENTES!D22+ACCIDENTES!I22+ACCIDENTES!N22+ACCIDENTES!S22+ACCIDENTES!X22+ACCIDENTES!AC22)*1000000/(HH!F22+HH!J22+HH!N22+HH!R22+HH!V22+HH!Z22) -> 0 | T22: =(ACCIDENTES!F22+ACCIDENTES!K22+ACCIDENTES!P22+ACCIDENTES!U22+ACCIDENTES!Z22+ACCIDENTES!AE22)*1000000/(HH!F22+HH!J22+HH!N22+HH!R22+HH!V22+HH!Z22) -> 0 | U22: =((ACCIDENTES!C22+ACCIDENTES!H22+ACCIDENTES!M22+ACCIDENTES!R22+ACCIDENTES!W22+ACCIDENTES!AB22+ACCIDENTES!AG22)/(HH!F22+HH!J22+HH!N22+HH!R22+HH!V22+HH!Z22+HH!AD22))*1000000 -> 0 | V22: =((ACCIDENTES!D22+ACCIDENTES!I22+ACCIDENTES!N22+ACCIDENTES!S22+ACCIDENTES!X22+ACCIDENTES!AC22+ACCIDENTES!AH22)/(HH!F22+HH!J22+HH!N22+HH!R22+HH!V22+HH!Z22+HH!AD22))*1000000 -> 0 | W22: =((ACCIDENTES!F22+ACCIDENTES!K22+ACCIDENTES!P22+ACCIDENTES!U22+ACCIDENTES!Z22+ACCIDENTES!AE22+ACCIDENTES!AJ22)/(HH!F22+HH!J22+HH!N22+HH!R22+HH!V22+HH!Z22+HH!AD22))*1000000 -> 0 | X22: =((ACCIDENTES!C22+ACCIDENTES!H22+ACCIDENTES!M22+ACCIDENTES!R22+ACCIDENTES!W22+ACCIDENTES!AB22+ACCIDENTES!AG22+ACCIDENTES!AL22)/(HH!F22+HH!J22+HH!N22+HH!R22+HH!V22+HH!Z22+HH!AD22+HH!AH22))*1000000 -> 0 | Y22: =((ACCIDENTES!D22+ACCIDENTES!I22+ACCIDENTES!N22+ACCIDENTES!S22+ACCIDENTES!X22+ACCIDENTES!AC22+ACCIDENTES!AH22+ACCIDENTES!AM22)/(HH!F22+HH!J22+HH!N22+HH!R22+HH!V22+HH!Z22+HH!AD22+HH!AH22))*1000000 -> 0 | Z22: =((ACCIDENTES!F22+ACCIDENTES!K22+ACCIDENTES!P22+ACCIDENTES!U22+ACCIDENTES!Z22+ACCIDENTES!AE22+ACCIDENTES!AJ22+ACCIDENTES!AO22)/(HH!F22+HH!J22+HH!N22+HH!R22+HH!V22+HH!Z22+HH!AD22+HH!AH22))*1000000 -> 0 | AA22: =((ACCIDENTES!AQ22+ACCIDENTES!AL22+ACCIDENTES!AG22+ACCIDENTES!AB22+ACCIDENTES!W22+ACCIDENTES!R22+ACCIDENTES!M22+ACCIDENTES!H22+ACCIDENTES!C22)/(HH!AL22+HH!AH22+HH!AD22+HH!Z22+HH!V22+HH!R22+HH!N22+HH!J22+HH!F22))*1000000 -> 0 | AB22: =((ACCIDENTES!AR22+ACCIDENTES!AM22+ACCIDENTES!AH22+ACCIDENTES!AC22+ACCIDENTES!X22+ACCIDENTES!S22+ACCIDENTES!N22+ACCIDENTES!I22+ACCIDENTES!D22)/(HH!AL22+HH!AH22+HH!AD22+HH!Z22+HH!V22+HH!R22+HH!N22+HH!J22+HH!F22))*1000000 -> 0 | AC22: =((ACCIDENTES!F22+ACCIDENTES!K22+ACCIDENTES!P22+ACCIDENTES!U22+ACCIDENTES!Z22+ACCIDENTES!AE22+ACCIDENTES!AJ22+ACCIDENTES!AO22+ACCIDENTES!AT22)/(HH!F22+HH!J22+HH!N22+HH!R22+HH!V22+HH!Z22+HH!AD22+HH!AH22+HH!AL22))*1000000 -> 0 | AD22: =((ACCIDENTES!AV22+ACCIDENTES!AQ22+ACCIDENTES!AL22+ACCIDENTES!AG22+ACCIDENTES!AB22+ACCIDENTES!W22+ACCIDENTES!R22+ACCIDENTES!M22+ACCIDENTES!H22+ACCIDENTES!C22)/(HH!F22+HH!J22+HH!N22+HH!R22+HH!V22+HH!Z22+HH!AD22+HH!AH22+HH!AL22+HH!AP22))*1000000 -> 0 | AE22: =((ACCIDENTES!D22+ACCIDENTES!I22+ACCIDENTES!N22+ACCIDENTES!S22+ACCIDENTES!X22+ACCIDENTES!AC22+ACCIDENTES!AH22+ACCIDENTES!AM22+ACCIDENTES!AR22+ACCIDENTES!AW22)/(HH!AP22+HH!AL22+HH!AH22+HH!AD22+HH!Z22+HH!V22+HH!R22+HH!N22+HH!J22+HH!F22))*1000000 -> 0 | AF22: =((ACCIDENTES!AY22+ACCIDENTES!AT22+ACCIDENTES!AO22+ACCIDENTES!AJ22+ACCIDENTES!AE22+ACCIDENTES!Z22+ACCIDENTES!U22+ACCIDENTES!P22+ACCIDENTES!K22+ACCIDENTES!F22)/(HH!F22+HH!J22+HH!N22+HH!R22+HH!V22+HH!Z22+HH!AD22+HH!AH22+HH!AL22+HH!AP22))*1000000 -> 0 | AG22: =((ACCIDENTES!BA22+ACCIDENTES!AV22+ACCIDENTES!AQ22+ACCIDENTES!AL22+ACCIDENTES!AG22+ACCIDENTES!AB22+ACCIDENTES!W22+ACCIDENTES!R22+ACCIDENTES!M22+ACCIDENTES!H22+ACCIDENTES!C22)/(HH!AT22+HH!AP22+HH!AL22+HH!AH22+HH!AD22+HH!Z22+HH!V22+HH!R22+HH!N22+HH!J22+HH!F22))*1000000 -> 0 | AH22: =((ACCIDENTES!D22+ACCIDENTES!I22+ACCIDENTES!N22+ACCIDENTES!S22+ACCIDENTES!X22+ACCIDENTES!AC22+ACCIDENTES!AH22+ACCIDENTES!AM22+ACCIDENTES!AR22+ACCIDENTES!AW22+ACCIDENTES!BB22)/(HH!F22+HH!J22+HH!N22+HH!R22+HH!V22+HH!Z22+HH!AD22+HH!AH22+HH!AL22+HH!AP22+HH!AT22))*1000000 -> 0 | AI22: =((ACCIDENTES!BD22+ACCIDENTES!AY22+ACCIDENTES!AT22+ACCIDENTES!AO22+ACCIDENTES!AJ22+ACCIDENTES!AE22+ACCIDENTES!Z22+ACCIDENTES!U22+ACCIDENTES!P22+ACCIDENTES!K22+ACCIDENTES!F22)/(HH!F22+HH!J22+HH!N22+HH!R22+HH!V22+HH!Z22+HH!AD22+HH!AH22+HH!AL22+HH!AP22+HH!AT22))*1000000 -> 0 | AJ22: =(ACCIDENTES!BK22/HH!BB22)*1000000 -> 0 | AK22: =(ACCIDENTES!BL22/HH!BB22)*1000000 -> 0 | AL22: =(ACCIDENTES!BN22/HH!BB22)*1000000 -> 0 | AN22: =AW22 -> 0 | AO22: =BA22 -> 0
A23: ALICORP SAA | B23: DISTRBUCION PROVINCIAS | C23: =(ACCIDENTES!C23/HH!F23)*1000000 -> 0 | D23: =(ACCIDENTES!D23/HH!F23)*1000000 -> 0 | E23: =(ACCIDENTES!F23/HH!F23)*1000000 -> 0 | F23: =((ACCIDENTES!C23+ACCIDENTES!H23)/(HH!F23+HH!J23))*1000000 -> 0 | G23: =((ACCIDENTES!D23+ACCIDENTES!I23)/(HH!F23+HH!J23))*1000000 -> 0 | H23: =((ACCIDENTES!F23+ACCIDENTES!K23)/(HH!F23+HH!J23))*1000000 -> 0 | I23: =((ACCIDENTES!C23+ACCIDENTES!H23+ACCIDENTES!M23)/(HH!F23+HH!J23+HH!N23))*1000000 -> 0 | J23: =((ACCIDENTES!D23+ACCIDENTES!I23+ACCIDENTES!N23)/(HH!F23+HH!J23+HH!N23))*1000000 -> 0 | K23: =((ACCIDENTES!F23+ACCIDENTES!K23+ACCIDENTES!P23)/(HH!J23+HH!N23+HH!F23))*1000000 -> 0 | L23: =((ACCIDENTES!C23+ACCIDENTES!H23+ACCIDENTES!M23+ACCIDENTES!R23)/(HH!F23+HH!J23+HH!N23+HH!R23))*1000000 -> 0 | M23: =((ACCIDENTES!D23+ACCIDENTES!I23+ACCIDENTES!N23+ACCIDENTES!S23)/(HH!F23+HH!J23+HH!N23+HH!R23))*1000000 -> 0 | N23: =((ACCIDENTES!F23+ACCIDENTES!K23+ACCIDENTES!P23+ACCIDENTES!U23)/(HH!F23+HH!J23+HH!N23+HH!R23))*1000000 -> 0 | O23: =((ACCIDENTES!C23+ACCIDENTES!H23+ACCIDENTES!M23+ACCIDENTES!R23+ACCIDENTES!W23)/(HH!F23+HH!J23+HH!N23+HH!R23+HH!V23))*1000000 -> 0 | P23: =(((ACCIDENTES!D23+ACCIDENTES!I23+ACCIDENTES!N23+ACCIDENTES!S23+ACCIDENTES!X23)/(HH!F23+HH!J23+HH!N23+HH!R23+HH!V23))*1000000) -> 0 | Q23: =((ACCIDENTES!F23+ACCIDENTES!K23+ACCIDENTES!P23+ACCIDENTES!U23+ACCIDENTES!Z23)/(HH!F23+HH!J23+HH!N23+HH!R23+HH!V23))*1000000 -> 0 | R23: =(ACCIDENTES!C23+ACCIDENTES!H23+ACCIDENTES!M23+ACCIDENTES!R23+ACCIDENTES!W23+ACCIDENTES!AB23)*1000000/(HH!F23+HH!J23+HH!N23+HH!R23+HH!V23+HH!Z23) -> 0 | S23: =(ACCIDENTES!D23+ACCIDENTES!I23+ACCIDENTES!N23+ACCIDENTES!S23+ACCIDENTES!X23+ACCIDENTES!AC23)*1000000/(HH!F23+HH!J23+HH!N23+HH!R23+HH!V23+HH!Z23) -> 0 | T23: =(ACCIDENTES!F23+ACCIDENTES!K23+ACCIDENTES!P23+ACCIDENTES!U23+ACCIDENTES!Z23+ACCIDENTES!AE23)*1000000/(HH!F23+HH!J23+HH!N23+HH!R23+HH!V23+HH!Z23) -> 0 | U23: =((ACCIDENTES!C23+ACCIDENTES!H23+ACCIDENTES!M23+ACCIDENTES!R23+ACCIDENTES!W23+ACCIDENTES!AB23+ACCIDENTES!AG23)/(HH!F23+HH!J23+HH!N23+HH!R23+HH!V23+HH!Z23+HH!AD23))*1000000 -> 0.70927736 | V23: =((ACCIDENTES!D23+ACCIDENTES!I23+ACCIDENTES!N23+ACCIDENTES!S23+ACCIDENTES!X23+ACCIDENTES!AC23+ACCIDENTES!AH23)/(HH!F23+HH!J23+HH!N23+HH!R23+HH!V23+HH!Z23+HH!AD23))*1000000 -> 0.70927736 | W23: =((ACCIDENTES!F23+ACCIDENTES!K23+ACCIDENTES!P23+ACCIDENTES!U23+ACCIDENTES!Z23+ACCIDENTES!AE23+ACCIDENTES!AJ23)/(HH!F23+HH!J23+HH!N23+HH!R23+HH!V23+HH!Z23+HH!AD23))*1000000 -> 2.1278321 | X23: =((ACCIDENTES!C23+ACCIDENTES!H23+ACCIDENTES!M23+ACCIDENTES!R23+ACCIDENTES!W23+ACCIDENTES!AB23+ACCIDENTES!AG23+ACCIDENTES!AL23)/(HH!F23+HH!J23+HH!N23+HH!R23+HH!V23+HH!Z23+HH!AD23+HH!AH23))*1000000 -> 0.62011324 | Y23: =((ACCIDENTES!D23+ACCIDENTES!I23+ACCIDENTES!N23+ACCIDENTES!S23+ACCIDENTES!X23+ACCIDENTES!AC23+ACCIDENTES!AH23+ACCIDENTES!AM23)/(HH!F23+HH!J23+HH!N23+HH!R23+HH!V23+HH!Z23+HH!AD23+HH!AH23))*1000000 -> 0.62011324 | Z23: =((ACCIDENTES!F23+ACCIDENTES!K23+ACCIDENTES!P23+ACCIDENTES!U23+ACCIDENTES!Z23+ACCIDENTES!AE23+ACCIDENTES!AJ23+ACCIDENTES!AO23)/(HH!F23+HH!J23+HH!N23+HH!R23+HH!V23+HH!Z23+HH!AD23+HH!AH23))*1000000 -> 1.8603397 | AA23: =((ACCIDENTES!AQ23+ACCIDENTES!AL23+ACCIDENTES!AG23+ACCIDENTES!AB23+ACCIDENTES!W23+ACCIDENTES!R23+ACCIDENTES!M23+ACCIDENTES!H23+ACCIDENTES!C23)/(HH!AL23+HH!AH23+HH!AD23+HH!Z23+HH!V23+HH!R23+HH!N23+HH!J23+HH!F23))*1000000 -> 0.55118567 | AB23: =((ACCIDENTES!AR23+ACCIDENTES!AM23+ACCIDENTES!AH23+ACCIDENTES!AC23+ACCIDENTES!X23+ACCIDENTES!S23+ACCIDENTES!N23+ACCIDENTES!I23+ACCIDENTES!D23)/(HH!AL23+HH!AH23+HH!AD23+HH!Z23+HH!V23+HH!R23+HH!N23+HH!J23+HH!F23))*1000000 -> 0.55118567 | AC23: =((ACCIDENTES!F23+ACCIDENTES!K23+ACCIDENTES!P23+ACCIDENTES!U23+ACCIDENTES!Z23+ACCIDENTES!AE23+ACCIDENTES!AJ23+ACCIDENTES!AO23+ACCIDENTES!AT23)/(HH!F23+HH!J23+HH!N23+HH!R23+HH!V23+HH!Z23+HH!AD23+HH!AH23+HH!AL23))*1000000 -> 1.653557 | AD23: =((ACCIDENTES!AV23+ACCIDENTES!AQ23+ACCIDENTES!AL23+ACCIDENTES!AG23+ACCIDENTES!AB23+ACCIDENTES!W23+ACCIDENTES!R23+ACCIDENTES!M23+ACCIDENTES!H23+ACCIDENTES!C23)/(HH!F23+HH!J23+HH!N23+HH!R23+HH!V23+HH!Z23+HH!AD23+HH!AH23+HH!AL23+HH!AP23))*1000000 -> 0.49560874 | AE23: =((ACCIDENTES!D23+ACCIDENTES!I23+ACCIDENTES!N23+ACCIDENTES!S23+ACCIDENTES!X23+ACCIDENTES!AC23+ACCIDENTES!AH23+ACCIDENTES!AM23+ACCIDENTES!AR23+ACCIDENTES!AW23)/(HH!AP23+HH!AL23+HH!AH23+HH!AD23+HH!Z23+HH!V23+HH!R23+HH!N23+HH!J23+HH!F23))*1000000 -> 0.49560874 | AF23: =((ACCIDENTES!AY23+ACCIDENTES!AT23+ACCIDENTES!AO23+ACCIDENTES!AJ23+ACCIDENTES!AE23+ACCIDENTES!Z23+ACCIDENTES!U23+ACCIDENTES!P23+ACCIDENTES!K23+ACCIDENTES!F23)/(HH!F23+HH!J23+HH!N23+HH!R23+HH!V23+HH!Z23+HH!AD23+HH!AH23+HH!AL23+HH!AP23))*1000000 -> 1.9824349 | AG23: =((ACCIDENTES!BA23+ACCIDENTES!AV23+ACCIDENTES!AQ23+ACCIDENTES!AL23+ACCIDENTES!AG23+ACCIDENTES!AB23+ACCIDENTES!W23+ACCIDENTES!R23+ACCIDENTES!M23+ACCIDENTES!H23+ACCIDENTES!C23)/(HH!AT23+HH!AP23+HH!AL23+HH!AH23+HH!AD23+HH!Z23+HH!V23+HH!R23+HH!N23+HH!J23+HH!F23))*1000000 -> 0.45021304 | AH23: =((ACCIDENTES!D23+ACCIDENTES!I23+ACCIDENTES!N23+ACCIDENTES!S23+ACCIDENTES!X23+ACCIDENTES!AC23+ACCIDENTES!AH23+ACCIDENTES!AM23+ACCIDENTES!AR23+ACCIDENTES!AW23+ACCIDENTES!BB23)/(HH!F23+HH!J23+HH!N23+HH!R23+HH!V23+HH!Z23+HH!AD23+HH!AH23+HH!AL23+HH!AP23+HH!AT23))*1000000 -> 0.45021304 | AI23: =((ACCIDENTES!BD23+ACCIDENTES!AY23+ACCIDENTES!AT23+ACCIDENTES!AO23+ACCIDENTES!AJ23+ACCIDENTES!AE23+ACCIDENTES!Z23+ACCIDENTES!U23+ACCIDENTES!P23+ACCIDENTES!K23+ACCIDENTES!F23)/(HH!F23+HH!J23+HH!N23+HH!R23+HH!V23+HH!Z23+HH!AD23+HH!AH23+HH!AL23+HH!AP23+HH!AT23))*1000000 -> 1.8008521 | AJ23: =(ACCIDENTES!BK23/HH!BB23)*1000000 -> 0.41243565 | AK23: =(ACCIDENTES!BL23/HH!BB23)*1000000 -> 0.41243565 | AL23: =(ACCIDENTES!BN23/HH!BB23)*1000000 -> 1.6497426 | AN23: =AW23 -> 0.84052193 | AO23: =BA23 -> 2.2694092 | AR23: 0.84052193 | AS23: 4.2026096 | AT23: 0.2 | AV23: 0 | AW23: 0.84052193 | AX23: 0.85 | AZ23: 1.5969917 | BA23: 2.2694092 | BB23: 2.9418267
A24: ALICORP SAA | B24: CD Arequipa | C24: =(ACCIDENTES!C24/HH!F24)*1000000 -> 0 | D24: =(ACCIDENTES!D24/HH!F24)*1000000 -> 0 | E24: =(ACCIDENTES!F24/HH!F24)*1000000 -> 0 | F24: =((ACCIDENTES!C24+ACCIDENTES!H24)/(HH!F24+HH!J24))*1000000 -> 0 | G24: =((ACCIDENTES!D24+ACCIDENTES!I24)/(HH!F24+HH!J24))*1000000 -> 0 | H24: =((ACCIDENTES!F24+ACCIDENTES!K24)/(HH!F24+HH!J24))*1000000 -> 0 | I24: =((ACCIDENTES!C24+ACCIDENTES!H24+ACCIDENTES!M24)/(HH!F24+HH!J24+HH!N24))*1000000 -> 0 | J24: =((ACCIDENTES!D24+ACCIDENTES!I24+ACCIDENTES!N24)/(HH!F24+HH!J24+HH!N24))*1000000 -> 0 | K24: =((ACCIDENTES!F24+ACCIDENTES!K24+ACCIDENTES!P24)/(HH!J24+HH!N24+HH!F24))*1000000 -> 0 | L24: =((ACCIDENTES!C24+ACCIDENTES!H24+ACCIDENTES!M24+ACCIDENTES!R24)/(HH!F24+HH!J24+HH!N24+HH!R24))*1000000 -> 0 | M24: =((ACCIDENTES!D24+ACCIDENTES!I24+ACCIDENTES!N24+ACCIDENTES!S24)/(HH!F24+HH!J24+HH!N24+HH!R24))*1000000 -> 0 | N24: =((ACCIDENTES!F24+ACCIDENTES!K24+ACCIDENTES!P24+ACCIDENTES!U24)/(HH!F24+HH!J24+HH!N24+HH!R24))*1000000 -> 0 | O24: =((ACCIDENTES!C24+ACCIDENTES!H24+ACCIDENTES!M24+ACCIDENTES!R24+ACCIDENTES!W24)/(HH!F24+HH!J24+HH!N24+HH!R24+HH!V24))*1000000 -> 0 | P24: =(((ACCIDENTES!D24+ACCIDENTES!I24+ACCIDENTES!N24+ACCIDENTES!S24+ACCIDENTES!X24)/(HH!F24+HH!J24+HH!N24+HH!R24+HH!V24))*1000000) -> 0 | Q24: =((ACCIDENTES!F24+ACCIDENTES!K24+ACCIDENTES!P24+ACCIDENTES!U24+ACCIDENTES!Z24)/(HH!F24+HH!J24+HH!N24+HH!R24+HH!V24))*1000000 -> 0 | R24: =(ACCIDENTES!C24+ACCIDENTES!H24+ACCIDENTES!M24+ACCIDENTES!R24+ACCIDENTES!W24+ACCIDENTES!AB24)*1000000/(HH!F24+HH!J24+HH!N24+HH!R24+HH!V24+HH!Z24) -> 0 | S24: =(ACCIDENTES!D24+ACCIDENTES!I24+ACCIDENTES!N24+ACCIDENTES!S24+ACCIDENTES!X24+ACCIDENTES!AC24)*1000000/(HH!F24+HH!J24+HH!N24+HH!R24+HH!V24+HH!Z24) -> 0 | T24: =(ACCIDENTES!F24+ACCIDENTES!K24+ACCIDENTES!P24+ACCIDENTES!U24+ACCIDENTES!Z24+ACCIDENTES!AE24)*1000000/(HH!F24+HH!J24+HH!N24+HH!R24+HH!V24+HH!Z24) -> 0 | U24: =((ACCIDENTES!C24+ACCIDENTES!H24+ACCIDENTES!M24+ACCIDENTES!R24+ACCIDENTES!W24+ACCIDENTES!AB24+ACCIDENTES!AG24)/(HH!F24+HH!J24+HH!N24+HH!R24+HH!V24+HH!Z24+HH!AD24))*1000000 -> 0 | V24: =((ACCIDENTES!D24+ACCIDENTES!I24+ACCIDENTES!N24+ACCIDENTES!S24+ACCIDENTES!X24+ACCIDENTES!AC24+ACCIDENTES!AH24)/(HH!F24+HH!J24+HH!N24+HH!R24+HH!V24+HH!Z24+HH!AD24))*1000000 -> 0 | W24: =((ACCIDENTES!F24+ACCIDENTES!K24+ACCIDENTES!P24+ACCIDENTES!U24+ACCIDENTES!Z24+ACCIDENTES!AE24+ACCIDENTES!AJ24)/(HH!F24+HH!J24+HH!N24+HH!R24+HH!V24+HH!Z24+HH!AD24))*1000000 -> 2.160338 | X24: =((ACCIDENTES!C24+ACCIDENTES!H24+ACCIDENTES!M24+ACCIDENTES!R24+ACCIDENTES!W24+ACCIDENTES!AB24+ACCIDENTES!AG24+ACCIDENTES!AL24)/(HH!F24+HH!J24+HH!N24+HH!R24+HH!V24+HH!Z24+HH!AD24+HH!AH24))*1000000 -> 0 | Y24: =((ACCIDENTES!D24+ACCIDENTES!I24+ACCIDENTES!N24+ACCIDENTES!S24+ACCIDENTES!X24+ACCIDENTES!AC24+ACCIDENTES!AH24+ACCIDENTES!AM24)/(HH!F24+HH!J24+HH!N24+HH!R24+HH!V24+HH!Z24+HH!AD24+HH!AH24))*1000000 -> 0 | Z24: =((ACCIDENTES!F24+ACCIDENTES!K24+ACCIDENTES!P24+ACCIDENTES!U24+ACCIDENTES!Z24+ACCIDENTES!AE24+ACCIDENTES!AJ24+ACCIDENTES!AO24)/(HH!F24+HH!J24+HH!N24+HH!R24+HH!V24+HH!Z24+HH!AD24+HH!AH24))*1000000 -> 1.8929767 | AA24: =((ACCIDENTES!AQ24+ACCIDENTES!AL24+ACCIDENTES!AG24+ACCIDENTES!AB24+ACCIDENTES!W24+ACCIDENTES!R24+ACCIDENTES!M24+ACCIDENTES!H24+ACCIDENTES!C24)/(HH!AL24+HH!AH24+HH!AD24+HH!Z24+HH!V24+HH!R24+HH!N24+HH!J24+HH!F24))*1000000 -> 0 | AB24: =((ACCIDENTES!AR24+ACCIDENTES!AM24+ACCIDENTES!AH24+ACCIDENTES!AC24+ACCIDENTES!X24+ACCIDENTES!S24+ACCIDENTES!N24+ACCIDENTES!I24+ACCIDENTES!D24)/(HH!AL24+HH!AH24+HH!AD24+HH!Z24+HH!V24+HH!R24+HH!N24+HH!J24+HH!F24))*1000000 -> 0 | AC24: =((ACCIDENTES!F24+ACCIDENTES!K24+ACCIDENTES!P24+ACCIDENTES!U24+ACCIDENTES!Z24+ACCIDENTES!AE24+ACCIDENTES!AJ24+ACCIDENTES!AO24+ACCIDENTES!AT24)/(HH!F24+HH!J24+HH!N24+HH!R24+HH!V24+HH!Z24+HH!AD24+HH!AH24+HH!AL24))*1000000 -> 1.6834591 | AD24: =((ACCIDENTES!AV24+ACCIDENTES!AQ24+ACCIDENTES!AL24+ACCIDENTES!AG24+ACCIDENTES!AB24+ACCIDENTES!W24+ACCIDENTES!R24+ACCIDENTES!M24+ACCIDENTES!H24+ACCIDENTES!C24)/(HH!F24+HH!J24+HH!N24+HH!R24+HH!V24+HH!Z24+HH!AD24+HH!AH24+HH!AL24+HH!AP24))*1000000 -> 0 | AE24: =((ACCIDENTES!D24+ACCIDENTES!I24+ACCIDENTES!N24+ACCIDENTES!S24+ACCIDENTES!X24+ACCIDENTES!AC24+ACCIDENTES!AH24+ACCIDENTES!AM24+ACCIDENTES!AR24+ACCIDENTES!AW24)/(HH!AP24+HH!AL24+HH!AH24+HH!AD24+HH!Z24+HH!V24+HH!R24+HH!N24+HH!J24+HH!F24))*1000000 -> 0 | AF24: =((ACCIDENTES!AY24+ACCIDENTES!AT24+ACCIDENTES!AO24+ACCIDENTES!AJ24+ACCIDENTES!AE24+ACCIDENTES!Z24+ACCIDENTES!U24+ACCIDENTES!P24+ACCIDENTES!K24+ACCIDENTES!F24)/(HH!F24+HH!J24+HH!N24+HH!R24+HH!V24+HH!Z24+HH!AD24+HH!AH24+HH!AL24+HH!AP24))*1000000 -> 1.5149552 | AG24: =((ACCIDENTES!BA24+ACCIDENTES!AV24+ACCIDENTES!AQ24+ACCIDENTES!AL24+ACCIDENTES!AG24+ACCIDENTES!AB24+ACCIDENTES!W24+ACCIDENTES!R24+ACCIDENTES!M24+ACCIDENTES!H24+ACCIDENTES!C24)/(HH!AT24+HH!AP24+HH!AL24+HH!AH24+HH!AD24+HH!Z24+HH!V24+HH!R24+HH!N24+HH!J24+HH!F24))*1000000 -> 0 | AH24: =((ACCIDENTES!D24+ACCIDENTES!I24+ACCIDENTES!N24+ACCIDENTES!S24+ACCIDENTES!X24+ACCIDENTES!AC24+ACCIDENTES!AH24+ACCIDENTES!AM24+ACCIDENTES!AR24+ACCIDENTES!AW24+ACCIDENTES!BB24)/(HH!F24+HH!J24+HH!N24+HH!R24+HH!V24+HH!Z24+HH!AD24+HH!AH24+HH!AL24+HH!AP24+HH!AT24))*1000000 -> 0 | AI24: =((ACCIDENTES!BD24+ACCIDENTES!AY24+ACCIDENTES!AT24+ACCIDENTES!AO24+ACCIDENTES!AJ24+ACCIDENTES!AE24+ACCIDENTES!Z24+ACCIDENTES!U24+ACCIDENTES!P24+ACCIDENTES!K24+ACCIDENTES!F24)/(HH!F24+HH!J24+HH!N24+HH!R24+HH!V24+HH!Z24+HH!AD24+HH!AH24+HH!AL24+HH!AP24+HH!AT24))*1000000 -> 1.3771145 | AJ24: =(ACCIDENTES!BK24/HH!BB24)*1000000 -> 0 | AK24: =(ACCIDENTES!BL24/HH!BB24)*1000000 -> 0 | AL24: =(ACCIDENTES!BN24/HH!BB24)*1000000 -> 1.2622652 | AN24: =AW24 -> 0 | AO24: =BA24 -> 0
A25: ALICORP SAA | B25: CD Cusco | C25: =(ACCIDENTES!C25/HH!F25)*1000000 -> 0 | D25: =(ACCIDENTES!D25/HH!F25)*1000000 -> 0 | E25: =(ACCIDENTES!F25/HH!F25)*1000000 -> 0 | F25: =((ACCIDENTES!C25+ACCIDENTES!H25)/(HH!F25+HH!J25))*1000000 -> 0 | G25: =((ACCIDENTES!D25+ACCIDENTES!I25)/(HH!F25+HH!J25))*1000000 -> 0 | H25: =((ACCIDENTES!F25+ACCIDENTES!K25)/(HH!F25+HH!J25))*1000000 -> 0 | I25: =((ACCIDENTES!C25+ACCIDENTES!H25+ACCIDENTES!M25)/(HH!F25+HH!J25+HH!N25))*1000000 -> 0 | J25: =((ACCIDENTES!D25+ACCIDENTES!I25+ACCIDENTES!N25)/(HH!F25+HH!J25+HH!N25))*1000000 -> 0 | K25: =((ACCIDENTES!F25+ACCIDENTES!K25+ACCIDENTES!P25)/(HH!J25+HH!N25+HH!F25))*1000000 -> 0 | L25: =((ACCIDENTES!C25+ACCIDENTES!H25+ACCIDENTES!M25+ACCIDENTES!R25)/(HH!F25+HH!J25+HH!N25+HH!R25))*1000000 -> 0 | M25: =((ACCIDENTES!D25+ACCIDENTES!I25+ACCIDENTES!N25+ACCIDENTES!S25)/(HH!F25+HH!J25+HH!N25+HH!R25))*1000000 -> 0 | N25: =((ACCIDENTES!F25+ACCIDENTES!K25+ACCIDENTES!P25+ACCIDENTES!U25)/(HH!F25+HH!J25+HH!N25+HH!R25))*1000000 -> 0 | O25: =((ACCIDENTES!C25+ACCIDENTES!H25+ACCIDENTES!M25+ACCIDENTES!R25+ACCIDENTES!W25)/(HH!F25+HH!J25+HH!N25+HH!R25+HH!V25))*1000000 -> 0 | P25: =(((ACCIDENTES!D25+ACCIDENTES!I25+ACCIDENTES!N25+ACCIDENTES!S25+ACCIDENTES!X25)/(HH!F25+HH!J25+HH!N25+HH!R25+HH!V25))*1000000) -> 0 | Q25: =((ACCIDENTES!F25+ACCIDENTES!K25+ACCIDENTES!P25+ACCIDENTES!U25+ACCIDENTES!Z25)/(HH!F25+HH!J25+HH!N25+HH!R25+HH!V25))*1000000 -> 0 | R25: =(ACCIDENTES!C25+ACCIDENTES!H25+ACCIDENTES!M25+ACCIDENTES!R25+ACCIDENTES!W25+ACCIDENTES!AB25)*1000000/(HH!F25+HH!J25+HH!N25+HH!R25+HH!V25+HH!Z25) -> 0 | S25: =(ACCIDENTES!D25+ACCIDENTES!I25+ACCIDENTES!N25+ACCIDENTES!S25+ACCIDENTES!X25+ACCIDENTES!AC25)*1000000/(HH!F25+HH!J25+HH!N25+HH!R25+HH!V25+HH!Z25) -> 0 | T25: =(ACCIDENTES!F25+ACCIDENTES!K25+ACCIDENTES!P25+ACCIDENTES!U25+ACCIDENTES!Z25+ACCIDENTES!AE25)*1000000/(HH!F25+HH!J25+HH!N25+HH!R25+HH!V25+HH!Z25) -> 0 | U25: =((ACCIDENTES!C25+ACCIDENTES!H25+ACCIDENTES!M25+ACCIDENTES!R25+ACCIDENTES!W25+ACCIDENTES!AB25+ACCIDENTES!AG25)/(HH!F25+HH!J25+HH!N25+HH!R25+HH!V25+HH!Z25+HH!AD25))*1000000 -> 0 | V25: =((ACCIDENTES!D25+ACCIDENTES!I25+ACCIDENTES!N25+ACCIDENTES!S25+ACCIDENTES!X25+ACCIDENTES!AC25+ACCIDENTES!AH25)/(HH!F25+HH!J25+HH!N25+HH!R25+HH!V25+HH!Z25+HH!AD25))*1000000 -> 0 | W25: =((ACCIDENTES!F25+ACCIDENTES!K25+ACCIDENTES!P25+ACCIDENTES!U25+ACCIDENTES!Z25+ACCIDENTES!AE25+ACCIDENTES!AJ25)/(HH!F25+HH!J25+HH!N25+HH!R25+HH!V25+HH!Z25+HH!AD25))*1000000 -> 0 | X25: =((ACCIDENTES!C25+ACCIDENTES!H25+ACCIDENTES!M25+ACCIDENTES!R25+ACCIDENTES!W25+ACCIDENTES!AB25+ACCIDENTES!AG25+ACCIDENTES!AL25)/(HH!F25+HH!J25+HH!N25+HH!R25+HH!V25+HH!Z25+HH!AD25+HH!AH25))*1000000 -> 0 | Y25: =((ACCIDENTES!D25+ACCIDENTES!I25+ACCIDENTES!N25+ACCIDENTES!S25+ACCIDENTES!X25+ACCIDENTES!AC25+ACCIDENTES!AH25+ACCIDENTES!AM25)/(HH!F25+HH!J25+HH!N25+HH!R25+HH!V25+HH!Z25+HH!AD25+HH!AH25))*1000000 -> 0 | Z25: =((ACCIDENTES!F25+ACCIDENTES!K25+ACCIDENTES!P25+ACCIDENTES!U25+ACCIDENTES!Z25+ACCIDENTES!AE25+ACCIDENTES!AJ25+ACCIDENTES!AO25)/(HH!F25+HH!J25+HH!N25+HH!R25+HH!V25+HH!Z25+HH!AD25+HH!AH25))*1000000 -> 0 | AA25: =((ACCIDENTES!AQ25+ACCIDENTES!AL25+ACCIDENTES!AG25+ACCIDENTES!AB25+ACCIDENTES!W25+ACCIDENTES!R25+ACCIDENTES!M25+ACCIDENTES!H25+ACCIDENTES!C25)/(HH!AL25+HH!AH25+HH!AD25+HH!Z25+HH!V25+HH!R25+HH!N25+HH!J25+HH!F25))*1000000 -> 0 | AB25: =((ACCIDENTES!AR25+ACCIDENTES!AM25+ACCIDENTES!AH25+ACCIDENTES!AC25+ACCIDENTES!X25+ACCIDENTES!S25+ACCIDENTES!N25+ACCIDENTES!I25+ACCIDENTES!D25)/(HH!AL25+HH!AH25+HH!AD25+HH!Z25+HH!V25+HH!R25+HH!N25+HH!J25+HH!F25))*1000000 -> 0 | AC25: =((ACCIDENTES!F25+ACCIDENTES!K25+ACCIDENTES!P25+ACCIDENTES!U25+ACCIDENTES!Z25+ACCIDENTES!AE25+ACCIDENTES!AJ25+ACCIDENTES!AO25+ACCIDENTES!AT25)/(HH!F25+HH!J25+HH!N25+HH!R25+HH!V25+HH!Z25+HH!AD25+HH!AH25+HH!AL25))*1000000 -> 0 | AD25: =((ACCIDENTES!AV25+ACCIDENTES!AQ25+ACCIDENTES!AL25+ACCIDENTES!AG25+ACCIDENTES!AB25+ACCIDENTES!W25+ACCIDENTES!R25+ACCIDENTES!M25+ACCIDENTES!H25+ACCIDENTES!C25)/(HH!F25+HH!J25+HH!N25+HH!R25+HH!V25+HH!Z25+HH!AD25+HH!AH25+HH!AL25+HH!AP25))*1000000 -> 0 | AE25: =((ACCIDENTES!D25+ACCIDENTES!I25+ACCIDENTES!N25+ACCIDENTES!S25+ACCIDENTES!X25+ACCIDENTES!AC25+ACCIDENTES!AH25+ACCIDENTES!AM25+ACCIDENTES!AR25+ACCIDENTES!AW25)/(HH!AP25+HH!AL25+HH!AH25+HH!AD25+HH!Z25+HH!V25+HH!R25+HH!N25+HH!J25+HH!F25))*1000000 -> 0 | AF25: =((ACCIDENTES!AY25+ACCIDENTES!AT25+ACCIDENTES!AO25+ACCIDENTES!AJ25+ACCIDENTES!AE25+ACCIDENTES!Z25+ACCIDENTES!U25+ACCIDENTES!P25+ACCIDENTES!K25+ACCIDENTES!F25)/(HH!F25+HH!J25+HH!N25+HH!R25+HH!V25+HH!Z25+HH!AD25+HH!AH25+HH!AL25+HH!AP25))*1000000 -> 0 | AG25: =((ACCIDENTES!BA25+ACCIDENTES!AV25+ACCIDENTES!AQ25+ACCIDENTES!AL25+ACCIDENTES!AG25+ACCIDENTES!AB25+ACCIDENTES!W25+ACCIDENTES!R25+ACCIDENTES!M25+ACCIDENTES!H25+ACCIDENTES!C25)/(HH!AT25+HH!AP25+HH!AL25+HH!AH25+HH!AD25+HH!Z25+HH!V25+HH!R25+HH!N25+HH!J25+HH!F25))*1000000 -> 0 | AH25: =((ACCIDENTES!D25+ACCIDENTES!I25+ACCIDENTES!N25+ACCIDENTES!S25+ACCIDENTES!X25+ACCIDENTES!AC25+ACCIDENTES!AH25+ACCIDENTES!AM25+ACCIDENTES!AR25+ACCIDENTES!AW25+ACCIDENTES!BB25)/(HH!F25+HH!J25+HH!N25+HH!R25+HH!V25+HH!Z25+HH!AD25+HH!AH25+HH!AL25+HH!AP25+HH!AT25))*1000000 -> 0 | AI25: =((ACCIDENTES!BD25+ACCIDENTES!AY25+ACCIDENTES!AT25+ACCIDENTES!AO25+ACCIDENTES!AJ25+ACCIDENTES!AE25+ACCIDENTES!Z25+ACCIDENTES!U25+ACCIDENTES!P25+ACCIDENTES!K25+ACCIDENTES!F25)/(HH!F25+HH!J25+HH!N25+HH!R25+HH!V25+HH!Z25+HH!AD25+HH!AH25+HH!AL25+HH!AP25+HH!AT25))*1000000 -> 0 | AJ25: =(ACCIDENTES!BK25/HH!BB25)*1000000 -> 0 | AK25: =(ACCIDENTES!BL25/HH!BB25)*1000000 -> 0 | AL25: =(ACCIDENTES!BN25/HH!BB25)*1000000 -> 0 | AN25: =AW25 -> 0 | AO25: =BA25 -> 0
A26: ALICORP SAA | B26: CD Chiclayo | C26: =(ACCIDENTES!C26/HH!F26)*1000000 -> 0 | D26: =(ACCIDENTES!D26/HH!F26)*1000000 -> 0 | E26: =(ACCIDENTES!F26/HH!F26)*1000000 -> 0 | F26: =((ACCIDENTES!C26+ACCIDENTES!H26)/(HH!F26+HH!J26))*1000000 -> 0 | G26: =((ACCIDENTES!D26+ACCIDENTES!I26)/(HH!F26+HH!J26))*1000000 -> 0 | H26: =((ACCIDENTES!F26+ACCIDENTES!K26)/(HH!F26+HH!J26))*1000000 -> 0 | I26: =((ACCIDENTES!C26+ACCIDENTES!H26+ACCIDENTES!M26)/(HH!F26+HH!J26+HH!N26))*1000000 -> 0 | J26: =((ACCIDENTES!D26+ACCIDENTES!I26+ACCIDENTES!N26)/(HH!F26+HH!J26+HH!N26))*1000000 -> 0 | K26: =((ACCIDENTES!F26+ACCIDENTES!K26+ACCIDENTES!P26)/(HH!J26+HH!N26+HH!F26))*1000000 -> 0 | L26: =((ACCIDENTES!C26+ACCIDENTES!H26+ACCIDENTES!M26+ACCIDENTES!R26)/(HH!F26+HH!J26+HH!N26+HH!R26))*1000000 -> 0 | M26: =((ACCIDENTES!D26+ACCIDENTES!I26+ACCIDENTES!N26+ACCIDENTES!S26)/(HH!F26+HH!J26+HH!N26+HH!R26))*1000000 -> 0 | N26: =((ACCIDENTES!F26+ACCIDENTES!K26+ACCIDENTES!P26+ACCIDENTES!U26)/(HH!F26+HH!J26+HH!N26+HH!R26))*1000000 -> 0 | O26: =((ACCIDENTES!C26+ACCIDENTES!H26+ACCIDENTES!M26+ACCIDENTES!R26+ACCIDENTES!W26)/(HH!F26+HH!J26+HH!N26+HH!R26+HH!V26))*1000000 -> 0 | P26: =(((ACCIDENTES!D26+ACCIDENTES!I26+ACCIDENTES!N26+ACCIDENTES!S26+ACCIDENTES!X26)/(HH!F26+HH!J26+HH!N26+HH!R26+HH!V26))*1000000) -> 0 | Q26: =((ACCIDENTES!F26+ACCIDENTES!K26+ACCIDENTES!P26+ACCIDENTES!U26+ACCIDENTES!Z26)/(HH!F26+HH!J26+HH!N26+HH!R26+HH!V26))*1000000 -> 0 | R26: =(ACCIDENTES!C26+ACCIDENTES!H26+ACCIDENTES!M26+ACCIDENTES!R26+ACCIDENTES!W26+ACCIDENTES!AB26)*1000000/(HH!F26+HH!J26+HH!N26+HH!R26+HH!V26+HH!Z26) -> 0 | S26: =(ACCIDENTES!D26+ACCIDENTES!I26+ACCIDENTES!N26+ACCIDENTES!S26+ACCIDENTES!X26+ACCIDENTES!AC26)*1000000/(HH!F26+HH!J26+HH!N26+HH!R26+HH!V26+HH!Z26) -> 0 | T26: =(ACCIDENTES!F26+ACCIDENTES!K26+ACCIDENTES!P26+ACCIDENTES!U26+ACCIDENTES!Z26+ACCIDENTES!AE26)*1000000/(HH!F26+HH!J26+HH!N26+HH!R26+HH!V26+HH!Z26) -> 0 | U26: =((ACCIDENTES!C26+ACCIDENTES!H26+ACCIDENTES!M26+ACCIDENTES!R26+ACCIDENTES!W26+ACCIDENTES!AB26+ACCIDENTES!AG26)/(HH!F26+HH!J26+HH!N26+HH!R26+HH!V26+HH!Z26+HH!AD26))*1000000 -> 24.698879 | V26: =((ACCIDENTES!D26+ACCIDENTES!I26+ACCIDENTES!N26+ACCIDENTES!S26+ACCIDENTES!X26+ACCIDENTES!AC26+ACCIDENTES!AH26)/(HH!F26+HH!J26+HH!N26+HH!R26+HH!V26+HH!Z26+HH!AD26))*1000000 -> 24.698879 | W26: =((ACCIDENTES!F26+ACCIDENTES!K26+ACCIDENTES!P26+ACCIDENTES!U26+ACCIDENTES!Z26+ACCIDENTES!AE26+ACCIDENTES!AJ26)/(HH!F26+HH!J26+HH!N26+HH!R26+HH!V26+HH!Z26+HH!AD26))*1000000 -> 24.698879 | X26: =((ACCIDENTES!C26+ACCIDENTES!H26+ACCIDENTES!M26+ACCIDENTES!R26+ACCIDENTES!W26+ACCIDENTES!AB26+ACCIDENTES!AG26+ACCIDENTES!AL26)/(HH!F26+HH!J26+HH!N26+HH!R26+HH!V26+HH!Z26+HH!AD26+HH!AH26))*1000000 -> 21.002373 | Y26: =((ACCIDENTES!D26+ACCIDENTES!I26+ACCIDENTES!N26+ACCIDENTES!S26+ACCIDENTES!X26+ACCIDENTES!AC26+ACCIDENTES!AH26+ACCIDENTES!AM26)/(HH!F26+HH!J26+HH!N26+HH!R26+HH!V26+HH!Z26+HH!AD26+HH!AH26))*1000000 -> 21.002373 | Z26: =((ACCIDENTES!F26+ACCIDENTES!K26+ACCIDENTES!P26+ACCIDENTES!U26+ACCIDENTES!Z26+ACCIDENTES!AE26+ACCIDENTES!AJ26+ACCIDENTES!AO26)/(HH!F26+HH!J26+HH!N26+HH!R26+HH!V26+HH!Z26+HH!AD26+HH!AH26))*1000000 -> 21.002373 | AA26: =((ACCIDENTES!AQ26+ACCIDENTES!AL26+ACCIDENTES!AG26+ACCIDENTES!AB26+ACCIDENTES!W26+ACCIDENTES!R26+ACCIDENTES!M26+ACCIDENTES!H26+ACCIDENTES!C26)/(HH!AL26+HH!AH26+HH!AD26+HH!Z26+HH!V26+HH!R26+HH!N26+HH!J26+HH!F26))*1000000 -> 18.354124 | AB26: =((ACCIDENTES!AR26+ACCIDENTES!AM26+ACCIDENTES!AH26+ACCIDENTES!AC26+ACCIDENTES!X26+ACCIDENTES!S26+ACCIDENTES!N26+ACCIDENTES!I26+ACCIDENTES!D26)/(HH!AL26+HH!AH26+HH!AD26+HH!Z26+HH!V26+HH!R26+HH!N26+HH!J26+HH!F26))*1000000 -> 18.354124 | AC26: =((ACCIDENTES!F26+ACCIDENTES!K26+ACCIDENTES!P26+ACCIDENTES!U26+ACCIDENTES!Z26+ACCIDENTES!AE26+ACCIDENTES!AJ26+ACCIDENTES!AO26+ACCIDENTES!AT26)/(HH!F26+HH!J26+HH!N26+HH!R26+HH!V26+HH!Z26+HH!AD26+HH!AH26+HH!AL26))*1000000 -> 18.354124 | AD26: =((ACCIDENTES!AV26+ACCIDENTES!AQ26+ACCIDENTES!AL26+ACCIDENTES!AG26+ACCIDENTES!AB26+ACCIDENTES!W26+ACCIDENTES!R26+ACCIDENTES!M26+ACCIDENTES!H26+ACCIDENTES!C26)/(HH!F26+HH!J26+HH!N26+HH!R26+HH!V26+HH!Z26+HH!AD26+HH!AH26+HH!AL26+HH!AP26))*1000000 -> 16.298944 | AE26: =((ACCIDENTES!D26+ACCIDENTES!I26+ACCIDENTES!N26+ACCIDENTES!S26+ACCIDENTES!X26+ACCIDENTES!AC26+ACCIDENTES!AH26+ACCIDENTES!AM26+ACCIDENTES!AR26+ACCIDENTES!AW26)/(HH!AP26+HH!AL26+HH!AH26+HH!AD26+HH!Z26+HH!V26+HH!R26+HH!N26+HH!J26+HH!F26))*1000000 -> 16.298944 | AF26: =((ACCIDENTES!AY26+ACCIDENTES!AT26+ACCIDENTES!AO26+ACCIDENTES!AJ26+ACCIDENTES!AE26+ACCIDENTES!Z26+ACCIDENTES!U26+ACCIDENTES!P26+ACCIDENTES!K26+ACCIDENTES!F26)/(HH!F26+HH!J26+HH!N26+HH!R26+HH!V26+HH!Z26+HH!AD26+HH!AH26+HH!AL26+HH!AP26))*1000000 -> 16.298944 | AG26: =((ACCIDENTES!BA26+ACCIDENTES!AV26+ACCIDENTES!AQ26+ACCIDENTES!AL26+ACCIDENTES!AG26+ACCIDENTES!AB26+ACCIDENTES!W26+ACCIDENTES!R26+ACCIDENTES!M26+ACCIDENTES!H26+ACCIDENTES!C26)/(HH!AT26+HH!AP26+HH!AL26+HH!AH26+HH!AD26+HH!Z26+HH!V26+HH!R26+HH!N26+HH!J26+HH!F26))*1000000 -> 14.65767 | AH26: =((ACCIDENTES!D26+ACCIDENTES!I26+ACCIDENTES!N26+ACCIDENTES!S26+ACCIDENTES!X26+ACCIDENTES!AC26+ACCIDENTES!AH26+ACCIDENTES!AM26+ACCIDENTES!AR26+ACCIDENTES!AW26+ACCIDENTES!BB26)/(HH!F26+HH!J26+HH!N26+HH!R26+HH!V26+HH!Z26+HH!AD26+HH!AH26+HH!AL26+HH!AP26+HH!AT26))*1000000 -> 14.65767 | AI26: =((ACCIDENTES!BD26+ACCIDENTES!AY26+ACCIDENTES!AT26+ACCIDENTES!AO26+ACCIDENTES!AJ26+ACCIDENTES!AE26+ACCIDENTES!Z26+ACCIDENTES!U26+ACCIDENTES!P26+ACCIDENTES!K26+ACCIDENTES!F26)/(HH!F26+HH!J26+HH!N26+HH!R26+HH!V26+HH!Z26+HH!AD26+HH!AH26+HH!AL26+HH!AP26+HH!AT26))*1000000 -> 14.65767 | AJ26: =(ACCIDENTES!BK26/HH!BB26)*1000000 -> 13.316702 | AK26: =(ACCIDENTES!BL26/HH!BB26)*1000000 -> 13.316702 | AL26: =(ACCIDENTES!BN26/HH!BB26)*1000000 -> 13.316702 | AN26: =AW26 -> 0 | AO26: =BA26 -> 0
A27: ALICORP SAA | B27: CD Trujillo | C27: =(ACCIDENTES!C27/HH!F27)*1000000 -> 0 | D27: =(ACCIDENTES!D27/HH!F27)*1000000 -> 0 | E27: =(ACCIDENTES!F27/HH!F27)*1000000 -> 0 | F27: =((ACCIDENTES!C27+ACCIDENTES!H27)/(HH!F27+HH!J27))*1000000 -> 0 | G27: =((ACCIDENTES!D27+ACCIDENTES!I27)/(HH!F27+HH!J27))*1000000 -> 0 | H27: =((ACCIDENTES!F27+ACCIDENTES!K27)/(HH!F27+HH!J27))*1000000 -> 0 | I27: =((ACCIDENTES!C27+ACCIDENTES!H27+ACCIDENTES!M27)/(HH!F27+HH!J27+HH!N27))*1000000 -> 0 | J27: =((ACCIDENTES!D27+ACCIDENTES!I27+ACCIDENTES!N27)/(HH!F27+HH!J27+HH!N27))*1000000 -> 0 | K27: =((ACCIDENTES!F27+ACCIDENTES!K27+ACCIDENTES!P27)/(HH!J27+HH!N27+HH!F27))*1000000 -> 0 | L27: =((ACCIDENTES!C27+ACCIDENTES!H27+ACCIDENTES!M27+ACCIDENTES!R27)/(HH!F27+HH!J27+HH!N27+HH!R27))*1000000 -> 0 | M27: =((ACCIDENTES!D27+ACCIDENTES!I27+ACCIDENTES!N27+ACCIDENTES!S27)/(HH!F27+HH!J27+HH!N27+HH!R27))*1000000 -> 0 | N27: =((ACCIDENTES!F27+ACCIDENTES!K27+ACCIDENTES!P27+ACCIDENTES!U27)/(HH!F27+HH!J27+HH!N27+HH!R27))*1000000 -> 0 | O27: =((ACCIDENTES!C27+ACCIDENTES!H27+ACCIDENTES!M27+ACCIDENTES!R27+ACCIDENTES!W27)/(HH!F27+HH!J27+HH!N27+HH!R27+HH!V27))*1000000 -> 0 | P27: =(((ACCIDENTES!D27+ACCIDENTES!I27+ACCIDENTES!N27+ACCIDENTES!S27+ACCIDENTES!X27)/(HH!F27+HH!J27+HH!N27+HH!R27+HH!V27))*1000000) -> 0 | Q27: =((ACCIDENTES!F27+ACCIDENTES!K27+ACCIDENTES!P27+ACCIDENTES!U27+ACCIDENTES!Z27)/(HH!F27+HH!J27+HH!N27+HH!R27+HH!V27))*1000000 -> 0 | R27: =(ACCIDENTES!C27+ACCIDENTES!H27+ACCIDENTES!M27+ACCIDENTES!R27+ACCIDENTES!W27+ACCIDENTES!AB27)*1000000/(HH!F27+HH!J27+HH!N27+HH!R27+HH!V27+HH!Z27) -> 0 | S27: =(ACCIDENTES!D27+ACCIDENTES!I27+ACCIDENTES!N27+ACCIDENTES!S27+ACCIDENTES!X27+ACCIDENTES!AC27)*1000000/(HH!F27+HH!J27+HH!N27+HH!R27+HH!V27+HH!Z27) -> 0 | T27: =(ACCIDENTES!F27+ACCIDENTES!K27+ACCIDENTES!P27+ACCIDENTES!U27+ACCIDENTES!Z27+ACCIDENTES!AE27)*1000000/(HH!F27+HH!J27+HH!N27+HH!R27+HH!V27+HH!Z27) -> 0 | U27: =((ACCIDENTES!C27+ACCIDENTES!H27+ACCIDENTES!M27+ACCIDENTES!R27+ACCIDENTES!W27+ACCIDENTES!AB27+ACCIDENTES!AG27)/(HH!F27+HH!J27+HH!N27+HH!R27+HH!V27+HH!Z27+HH!AD27))*1000000 -> 0 | V27: =((ACCIDENTES!D27+ACCIDENTES!I27+ACCIDENTES!N27+ACCIDENTES!S27+ACCIDENTES!X27+ACCIDENTES!AC27+ACCIDENTES!AH27)/(HH!F27+HH!J27+HH!N27+HH!R27+HH!V27+HH!Z27+HH!AD27))*1000000 -> 0 | W27: =((ACCIDENTES!F27+ACCIDENTES!K27+ACCIDENTES!P27+ACCIDENTES!U27+ACCIDENTES!Z27+ACCIDENTES!AE27+ACCIDENTES!AJ27)/(HH!F27+HH!J27+HH!N27+HH!R27+HH!V27+HH!Z27+HH!AD27))*1000000 -> 0 | X27: =((ACCIDENTES!C27+ACCIDENTES!H27+ACCIDENTES!M27+ACCIDENTES!R27+ACCIDENTES!W27+ACCIDENTES!AB27+ACCIDENTES!AG27+ACCIDENTES!AL27)/(HH!F27+HH!J27+HH!N27+HH!R27+HH!V27+HH!Z27+HH!AD27+HH!AH27))*1000000 -> 0 | Y27: =((ACCIDENTES!D27+ACCIDENTES!I27+ACCIDENTES!N27+ACCIDENTES!S27+ACCIDENTES!X27+ACCIDENTES!AC27+ACCIDENTES!AH27+ACCIDENTES!AM27)/(HH!F27+HH!J27+HH!N27+HH!R27+HH!V27+HH!Z27+HH!AD27+HH!AH27))*1000000 -> 0 | Z27: =((ACCIDENTES!F27+ACCIDENTES!K27+ACCIDENTES!P27+ACCIDENTES!U27+ACCIDENTES!Z27+ACCIDENTES!AE27+ACCIDENTES!AJ27+ACCIDENTES!AO27)/(HH!F27+HH!J27+HH!N27+HH!R27+HH!V27+HH!Z27+HH!AD27+HH!AH27))*1000000 -> 0 | AA27: =((ACCIDENTES!AQ27+ACCIDENTES!AL27+ACCIDENTES!AG27+ACCIDENTES!AB27+ACCIDENTES!W27+ACCIDENTES!R27+ACCIDENTES!M27+ACCIDENTES!H27+ACCIDENTES!C27)/(HH!AL27+HH!AH27+HH!AD27+HH!Z27+HH!V27+HH!R27+HH!N27+HH!J27+HH!F27))*1000000 -> 0 | AB27: =((ACCIDENTES!AR27+ACCIDENTES!AM27+ACCIDENTES!AH27+ACCIDENTES!AC27+ACCIDENTES!X27+ACCIDENTES!S27+ACCIDENTES!N27+ACCIDENTES!I27+ACCIDENTES!D27)/(HH!AL27+HH!AH27+HH!AD27+HH!Z27+HH!V27+HH!R27+HH!N27+HH!J27+HH!F27))*1000000 -> 0 | AC27: =((ACCIDENTES!F27+ACCIDENTES!K27+ACCIDENTES!P27+ACCIDENTES!U27+ACCIDENTES!Z27+ACCIDENTES!AE27+ACCIDENTES!AJ27+ACCIDENTES!AO27+ACCIDENTES!AT27)/(HH!F27+HH!J27+HH!N27+HH!R27+HH!V27+HH!Z27+HH!AD27+HH!AH27+HH!AL27))*1000000 -> 0 | AD27: =((ACCIDENTES!AV27+ACCIDENTES!AQ27+ACCIDENTES!AL27+ACCIDENTES!AG27+ACCIDENTES!AB27+ACCIDENTES!W27+ACCIDENTES!R27+ACCIDENTES!M27+ACCIDENTES!H27+ACCIDENTES!C27)/(HH!F27+HH!J27+HH!N27+HH!R27+HH!V27+HH!Z27+HH!AD27+HH!AH27+HH!AL27+HH!AP27))*1000000 -> 0 | AE27: =((ACCIDENTES!D27+ACCIDENTES!I27+ACCIDENTES!N27+ACCIDENTES!S27+ACCIDENTES!X27+ACCIDENTES!AC27+ACCIDENTES!AH27+ACCIDENTES!AM27+ACCIDENTES!AR27+ACCIDENTES!AW27)/(HH!AP27+HH!AL27+HH!AH27+HH!AD27+HH!Z27+HH!V27+HH!R27+HH!N27+HH!J27+HH!F27))*1000000 -> 0 | AF27: =((ACCIDENTES!AY27+ACCIDENTES!AT27+ACCIDENTES!AO27+ACCIDENTES!AJ27+ACCIDENTES!AE27+ACCIDENTES!Z27+ACCIDENTES!U27+ACCIDENTES!P27+ACCIDENTES!K27+ACCIDENTES!F27)/(HH!F27+HH!J27+HH!N27+HH!R27+HH!V27+HH!Z27+HH!AD27+HH!AH27+HH!AL27+HH!AP27))*1000000 -> 0 | AG27: =((ACCIDENTES!BA27+ACCIDENTES!AV27+ACCIDENTES!AQ27+ACCIDENTES!AL27+ACCIDENTES!AG27+ACCIDENTES!AB27+ACCIDENTES!W27+ACCIDENTES!R27+ACCIDENTES!M27+ACCIDENTES!H27+ACCIDENTES!C27)/(HH!AT27+HH!AP27+HH!AL27+HH!AH27+HH!AD27+HH!Z27+HH!V27+HH!R27+HH!N27+HH!J27+HH!F27))*1000000 -> 0 | AH27: =((ACCIDENTES!D27+ACCIDENTES!I27+ACCIDENTES!N27+ACCIDENTES!S27+ACCIDENTES!X27+ACCIDENTES!AC27+ACCIDENTES!AH27+ACCIDENTES!AM27+ACCIDENTES!AR27+ACCIDENTES!AW27+ACCIDENTES!BB27)/(HH!F27+HH!J27+HH!N27+HH!R27+HH!V27+HH!Z27+HH!AD27+HH!AH27+HH!AL27+HH!AP27+HH!AT27))*1000000 -> 0 | AI27: =((ACCIDENTES!BD27+ACCIDENTES!AY27+ACCIDENTES!AT27+ACCIDENTES!AO27+ACCIDENTES!AJ27+ACCIDENTES!AE27+ACCIDENTES!Z27+ACCIDENTES!U27+ACCIDENTES!P27+ACCIDENTES!K27+ACCIDENTES!F27)/(HH!F27+HH!J27+HH!N27+HH!R27+HH!V27+HH!Z27+HH!AD27+HH!AH27+HH!AL27+HH!AP27+HH!AT27))*1000000 -> 0 | AJ27: =(ACCIDENTES!BK27/HH!BB27)*1000000 -> 0 | AK27: =(ACCIDENTES!BL27/HH!BB27)*1000000 -> 0 | AL27: =(ACCIDENTES!BN27/HH!BB27)*1000000 -> 0 | AN27: =AW27 -> 0 | AO27: =BA27 -> 0
A28: ALICORP SAA | B28: CD Piura | C28: =(ACCIDENTES!C28/HH!F28)*1000000 -> 0 | D28: =(ACCIDENTES!D28/HH!F28)*1000000 -> 0 | E28: =(ACCIDENTES!F28/HH!F28)*1000000 -> 0 | F28: =((ACCIDENTES!C28+ACCIDENTES!H28)/(HH!F28+HH!J28))*1000000 -> 0 | G28: =((ACCIDENTES!D28+ACCIDENTES!I28)/(HH!F28+HH!J28))*1000000 -> 0 | H28: =((ACCIDENTES!F28+ACCIDENTES!K28)/(HH!F28+HH!J28))*1000000 -> 0 | I28: =((ACCIDENTES!C28+ACCIDENTES!H28+ACCIDENTES!M28)/(HH!F28+HH!J28+HH!N28))*1000000 -> 0 | J28: =((ACCIDENTES!D28+ACCIDENTES!I28+ACCIDENTES!N28)/(HH!F28+HH!J28+HH!N28))*1000000 -> 0 | K28: =((ACCIDENTES!F28+ACCIDENTES!K28+ACCIDENTES!P28)/(HH!J28+HH!N28+HH!F28))*1000000 -> 0 | L28: =((ACCIDENTES!C28+ACCIDENTES!H28+ACCIDENTES!M28+ACCIDENTES!R28)/(HH!F28+HH!J28+HH!N28+HH!R28))*1000000 -> 0 | M28: =((ACCIDENTES!D28+ACCIDENTES!I28+ACCIDENTES!N28+ACCIDENTES!S28)/(HH!F28+HH!J28+HH!N28+HH!R28))*1000000 -> 0 | N28: =((ACCIDENTES!F28+ACCIDENTES!K28+ACCIDENTES!P28+ACCIDENTES!U28)/(HH!F28+HH!J28+HH!N28+HH!R28))*1000000 -> 0 | O28: =((ACCIDENTES!C28+ACCIDENTES!H28+ACCIDENTES!M28+ACCIDENTES!R28+ACCIDENTES!W28)/(HH!F28+HH!J28+HH!N28+HH!R28+HH!V28))*1000000 -> 0 | P28: =(((ACCIDENTES!D28+ACCIDENTES!I28+ACCIDENTES!N28+ACCIDENTES!S28+ACCIDENTES!X28)/(HH!F28+HH!J28+HH!N28+HH!R28+HH!V28))*1000000) -> 0 | Q28: =((ACCIDENTES!F28+ACCIDENTES!K28+ACCIDENTES!P28+ACCIDENTES!U28+ACCIDENTES!Z28)/(HH!F28+HH!J28+HH!N28+HH!R28+HH!V28))*1000000 -> 0 | R28: =(ACCIDENTES!C28+ACCIDENTES!H28+ACCIDENTES!M28+ACCIDENTES!R28+ACCIDENTES!W28+ACCIDENTES!AB28)*1000000/(HH!F28+HH!J28+HH!N28+HH!R28+HH!V28+HH!Z28) -> 0 | S28: =(ACCIDENTES!D28+ACCIDENTES!I28+ACCIDENTES!N28+ACCIDENTES!S28+ACCIDENTES!X28+ACCIDENTES!AC28)*1000000/(HH!F28+HH!J28+HH!N28+HH!R28+HH!V28+HH!Z28) -> 0 | T28: =(ACCIDENTES!F28+ACCIDENTES!K28+ACCIDENTES!P28+ACCIDENTES!U28+ACCIDENTES!Z28+ACCIDENTES!AE28)*1000000/(HH!F28+HH!J28+HH!N28+HH!R28+HH!V28+HH!Z28) -> 0 | U28: =((ACCIDENTES!C28+ACCIDENTES!H28+ACCIDENTES!M28+ACCIDENTES!R28+ACCIDENTES!W28+ACCIDENTES!AB28+ACCIDENTES!AG28)/(HH!F28+HH!J28+HH!N28+HH!R28+HH!V28+HH!Z28+HH!AD28))*1000000 -> 0 | V28: =((ACCIDENTES!D28+ACCIDENTES!I28+ACCIDENTES!N28+ACCIDENTES!S28+ACCIDENTES!X28+ACCIDENTES!AC28+ACCIDENTES!AH28)/(HH!F28+HH!J28+HH!N28+HH!R28+HH!V28+HH!Z28+HH!AD28))*1000000 -> 0 | W28: =((ACCIDENTES!F28+ACCIDENTES!K28+ACCIDENTES!P28+ACCIDENTES!U28+ACCIDENTES!Z28+ACCIDENTES!AE28+ACCIDENTES!AJ28)/(HH!F28+HH!J28+HH!N28+HH!R28+HH!V28+HH!Z28+HH!AD28))*1000000 -> 0 | X28: =((ACCIDENTES!C28+ACCIDENTES!H28+ACCIDENTES!M28+ACCIDENTES!R28+ACCIDENTES!W28+ACCIDENTES!AB28+ACCIDENTES!AG28+ACCIDENTES!AL28)/(HH!F28+HH!J28+HH!N28+HH!R28+HH!V28+HH!Z28+HH!AD28+HH!AH28))*1000000 -> 0 | Y28: =((ACCIDENTES!D28+ACCIDENTES!I28+ACCIDENTES!N28+ACCIDENTES!S28+ACCIDENTES!X28+ACCIDENTES!AC28+ACCIDENTES!AH28+ACCIDENTES!AM28)/(HH!F28+HH!J28+HH!N28+HH!R28+HH!V28+HH!Z28+HH!AD28+HH!AH28))*1000000 -> 0 | Z28: =((ACCIDENTES!F28+ACCIDENTES!K28+ACCIDENTES!P28+ACCIDENTES!U28+ACCIDENTES!Z28+ACCIDENTES!AE28+ACCIDENTES!AJ28+ACCIDENTES!AO28)/(HH!F28+HH!J28+HH!N28+HH!R28+HH!V28+HH!Z28+HH!AD28+HH!AH28))*1000000 -> 0 | AA28: =((ACCIDENTES!AQ28+ACCIDENTES!AL28+ACCIDENTES!AG28+ACCIDENTES!AB28+ACCIDENTES!W28+ACCIDENTES!R28+ACCIDENTES!M28+ACCIDENTES!H28+ACCIDENTES!C28)/(HH!AL28+HH!AH28+HH!AD28+HH!Z28+HH!V28+HH!R28+HH!N28+HH!J28+HH!F28))*1000000 -> 0 | AB28: =((ACCIDENTES!AR28+ACCIDENTES!AM28+ACCIDENTES!AH28+ACCIDENTES!AC28+ACCIDENTES!X28+ACCIDENTES!S28+ACCIDENTES!N28+ACCIDENTES!I28+ACCIDENTES!D28)/(HH!AL28+HH!AH28+HH!AD28+HH!Z28+HH!V28+HH!R28+HH!N28+HH!J28+HH!F28))*1000000 -> 0 | AC28: =((ACCIDENTES!F28+ACCIDENTES!K28+ACCIDENTES!P28+ACCIDENTES!U28+ACCIDENTES!Z28+ACCIDENTES!AE28+ACCIDENTES!AJ28+ACCIDENTES!AO28+ACCIDENTES!AT28)/(HH!F28+HH!J28+HH!N28+HH!R28+HH!V28+HH!Z28+HH!AD28+HH!AH28+HH!AL28))*1000000 -> 0 | AD28: =((ACCIDENTES!AV28+ACCIDENTES!AQ28+ACCIDENTES!AL28+ACCIDENTES!AG28+ACCIDENTES!AB28+ACCIDENTES!W28+ACCIDENTES!R28+ACCIDENTES!M28+ACCIDENTES!H28+ACCIDENTES!C28)/(HH!F28+HH!J28+HH!N28+HH!R28+HH!V28+HH!Z28+HH!AD28+HH!AH28+HH!AL28+HH!AP28))*1000000 -> 0 | AE28: =((ACCIDENTES!D28+ACCIDENTES!I28+ACCIDENTES!N28+ACCIDENTES!S28+ACCIDENTES!X28+ACCIDENTES!AC28+ACCIDENTES!AH28+ACCIDENTES!AM28+ACCIDENTES!AR28+ACCIDENTES!AW28)/(HH!AP28+HH!AL28+HH!AH28+HH!AD28+HH!Z28+HH!V28+HH!R28+HH!N28+HH!J28+HH!F28))*1000000 -> 0 | AF28: =((ACCIDENTES!AY28+ACCIDENTES!AT28+ACCIDENTES!AO28+ACCIDENTES!AJ28+ACCIDENTES!AE28+ACCIDENTES!Z28+ACCIDENTES!U28+ACCIDENTES!P28+ACCIDENTES!K28+ACCIDENTES!F28)/(HH!F28+HH!J28+HH!N28+HH!R28+HH!V28+HH!Z28+HH!AD28+HH!AH28+HH!AL28+HH!AP28))*1000000 -> 1.9104119 | AG28: =((ACCIDENTES!BA28+ACCIDENTES!AV28+ACCIDENTES!AQ28+ACCIDENTES!AL28+ACCIDENTES!AG28+ACCIDENTES!AB28+ACCIDENTES!W28+ACCIDENTES!R28+ACCIDENTES!M28+ACCIDENTES!H28+ACCIDENTES!C28)/(HH!AT28+HH!AP28+HH!AL28+HH!AH28+HH!AD28+HH!Z28+HH!V28+HH!R28+HH!N28+HH!J28+HH!F28))*1000000 -> 0 | AH28: =((ACCIDENTES!D28+ACCIDENTES!I28+ACCIDENTES!N28+ACCIDENTES!S28+ACCIDENTES!X28+ACCIDENTES!AC28+ACCIDENTES!AH28+ACCIDENTES!AM28+ACCIDENTES!AR28+ACCIDENTES!AW28+ACCIDENTES!BB28)/(HH!F28+HH!J28+HH!N28+HH!R28+HH!V28+HH!Z28+HH!AD28+HH!AH28+HH!AL28+HH!AP28+HH!AT28))*1000000 -> 0 | AI28: =((ACCIDENTES!BD28+ACCIDENTES!AY28+ACCIDENTES!AT28+ACCIDENTES!AO28+ACCIDENTES!AJ28+ACCIDENTES!AE28+ACCIDENTES!Z28+ACCIDENTES!U28+ACCIDENTES!P28+ACCIDENTES!K28+ACCIDENTES!F28)/(HH!F28+HH!J28+HH!N28+HH!R28+HH!V28+HH!Z28+HH!AD28+HH!AH28+HH!AL28+HH!AP28+HH!AT28))*1000000 -> 1.7346646 | AJ28: =(ACCIDENTES!BK28/HH!BB28)*1000000 -> 0 | AK28: =(ACCIDENTES!BL28/HH!BB28)*1000000 -> 0 | AL28: =(ACCIDENTES!BN28/HH!BB28)*1000000 -> 1.5885287 | AN28: =AW28 -> 0 | AO28: =BA28 -> 0
A29: ALICORP SAA | B29: ADMINISTRACION (Of. + SSGG+ Proy. Inf) | C29: =(ACCIDENTES!C29/HH!F29)*1000000 -> 2.4627752 | D29: =(ACCIDENTES!D29/HH!F29)*1000000 -> 36.941627 | E29: =(ACCIDENTES!F29/HH!F29)*1000000 -> 2.4627752 | F29: =((ACCIDENTES!C29+ACCIDENTES!H29)/(HH!F29+HH!J29))*1000000 -> 2.4627752 | G29: =((ACCIDENTES!D29+ACCIDENTES!I29)/(HH!F29+HH!J29))*1000000 -> 25.859139 | H29: =((ACCIDENTES!F29+ACCIDENTES!K29)/(HH!F29+HH!J29))*1000000 -> 4.9255503 | I29: =((ACCIDENTES!C29+ACCIDENTES!H29+ACCIDENTES!M29)/(HH!F29+HH!J29+HH!N29))*1000000 -> 1.6418501 | J29: =((ACCIDENTES!D29+ACCIDENTES!I29+ACCIDENTES!N29)/(HH!F29+HH!J29+HH!N29))*1000000 -> 17.239426 | K29: =((ACCIDENTES!F29+ACCIDENTES!K29+ACCIDENTES!P29)/(HH!J29+HH!N29+HH!F29))*1000000 -> 3.2837002 | L29: =((ACCIDENTES!C29+ACCIDENTES!H29+ACCIDENTES!M29+ACCIDENTES!R29)/(HH!F29+HH!J29+HH!N29+HH!R29))*1000000 -> 1.2313876 | M29: =((ACCIDENTES!D29+ACCIDENTES!I29+ACCIDENTES!N29+ACCIDENTES!S29)/(HH!F29+HH!J29+HH!N29+HH!R29))*1000000 -> 12.92957 | N29: =((ACCIDENTES!F29+ACCIDENTES!K29+ACCIDENTES!P29+ACCIDENTES!U29)/(HH!F29+HH!J29+HH!N29+HH!R29))*1000000 -> 2.4627752 | O29: =((ACCIDENTES!C29+ACCIDENTES!H29+ACCIDENTES!M29+ACCIDENTES!R29+ACCIDENTES!W29)/(HH!F29+HH!J29+HH!N29+HH!R29+HH!V29))*1000000 -> 0.98511006 | P29: =(((ACCIDENTES!D29+ACCIDENTES!I29+ACCIDENTES!N29+ACCIDENTES!S29+ACCIDENTES!X29)/(HH!F29+HH!J29+HH!N29+HH!R29+HH!V29))*1000000) -> 10.343656 | Q29: =((ACCIDENTES!F29+ACCIDENTES!K29+ACCIDENTES!P29+ACCIDENTES!U29+ACCIDENTES!Z29)/(HH!F29+HH!J29+HH!N29+HH!R29+HH!V29))*1000000 -> 1.9702201 | R29: =(ACCIDENTES!C29+ACCIDENTES!H29+ACCIDENTES!M29+ACCIDENTES!R29+ACCIDENTES!W29+ACCIDENTES!AB29)*1000000/(HH!F29+HH!J29+HH!N29+HH!R29+HH!V29+HH!Z29) -> 1.2313876 | S29: =(ACCIDENTES!D29+ACCIDENTES!I29+ACCIDENTES!N29+ACCIDENTES!S29+ACCIDENTES!X29+ACCIDENTES!AC29)*1000000/(HH!F29+HH!J29+HH!N29+HH!R29+HH!V29+HH!Z29) -> 10.261563 | T29: =(ACCIDENTES!F29+ACCIDENTES!K29+ACCIDENTES!P29+ACCIDENTES!U29+ACCIDENTES!Z29+ACCIDENTES!AE29)*1000000/(HH!F29+HH!J29+HH!N29+HH!R29+HH!V29+HH!Z29) -> 2.0523126 | U29: =((ACCIDENTES!C29+ACCIDENTES!H29+ACCIDENTES!M29+ACCIDENTES!R29+ACCIDENTES!W29+ACCIDENTES!AB29+ACCIDENTES!AG29)/(HH!F29+HH!J29+HH!N29+HH!R29+HH!V29+HH!Z29+HH!AD29))*1000000 -> 1.4073001 | V29: =((ACCIDENTES!D29+ACCIDENTES!I29+ACCIDENTES!N29+ACCIDENTES!S29+ACCIDENTES!X29+ACCIDENTES!AC29+ACCIDENTES!AH29)/(HH!F29+HH!J29+HH!N29+HH!R29+HH!V29+HH!Z29+HH!AD29))*1000000 -> 9.1474506 | W29: =((ACCIDENTES!F29+ACCIDENTES!K29+ACCIDENTES!P29+ACCIDENTES!U29+ACCIDENTES!Z29+ACCIDENTES!AE29+ACCIDENTES!AJ29)/(HH!F29+HH!J29+HH!N29+HH!R29+HH!V29+HH!Z29+HH!AD29))*1000000 -> 2.1109501 | X29: =((ACCIDENTES!C29+ACCIDENTES!H29+ACCIDENTES!M29+ACCIDENTES!R29+ACCIDENTES!W29+ACCIDENTES!AB29+ACCIDENTES!AG29+ACCIDENTES!AL29)/(HH!F29+HH!J29+HH!N29+HH!R29+HH!V29+HH!Z29+HH!AD29+HH!AH29))*1000000 -> 1.5392345 | Y29: =((ACCIDENTES!D29+ACCIDENTES!I29+ACCIDENTES!N29+ACCIDENTES!S29+ACCIDENTES!X29+ACCIDENTES!AC29+ACCIDENTES!AH29+ACCIDENTES!AM29)/(HH!F29+HH!J29+HH!N29+HH!R29+HH!V29+HH!Z29+HH!AD29+HH!AH29))*1000000 -> 10.158948 | Z29: =((ACCIDENTES!F29+ACCIDENTES!K29+ACCIDENTES!P29+ACCIDENTES!U29+ACCIDENTES!Z29+ACCIDENTES!AE29+ACCIDENTES!AJ29+ACCIDENTES!AO29)/(HH!F29+HH!J29+HH!N29+HH!R29+HH!V29+HH!Z29+HH!AD29+HH!AH29))*1000000 -> 2.770622 | AA29: =((ACCIDENTES!AQ29+ACCIDENTES!AL29+ACCIDENTES!AG29+ACCIDENTES!AB29+ACCIDENTES!W29+ACCIDENTES!R29+ACCIDENTES!M29+ACCIDENTES!H29+ACCIDENTES!C29)/(HH!AL29+HH!AH29+HH!AD29+HH!Z29+HH!V29+HH!R29+HH!N29+HH!J29+HH!F29))*1000000 -> 1.9154918 | AB29: =((ACCIDENTES!AR29+ACCIDENTES!AM29+ACCIDENTES!AH29+ACCIDENTES!AC29+ACCIDENTES!X29+ACCIDENTES!S29+ACCIDENTES!N29+ACCIDENTES!I29+ACCIDENTES!D29)/(HH!AL29+HH!AH29+HH!AD29+HH!Z29+HH!V29+HH!R29+HH!N29+HH!J29+HH!F29))*1000000 -> 16.144859 | AC29: =((ACCIDENTES!F29+ACCIDENTES!K29+ACCIDENTES!P29+ACCIDENTES!U29+ACCIDENTES!Z29+ACCIDENTES!AE29+ACCIDENTES!AJ29+ACCIDENTES!AO29+ACCIDENTES!AT29)/(HH!F29+HH!J29+HH!N29+HH!R29+HH!V29+HH!Z29+HH!AD29+HH!AH29+HH!AL29))*1000000 -> 3.2837002 | AD29: =((ACCIDENTES!AV29+ACCIDENTES!AQ29+ACCIDENTES!AL29+ACCIDENTES!AG29+ACCIDENTES!AB29+ACCIDENTES!W29+ACCIDENTES!R29+ACCIDENTES!M29+ACCIDENTES!H29+ACCIDENTES!C29)/(HH!F29+HH!J29+HH!N29+HH!R29+HH!V29+HH!Z29+HH!AD29+HH!AH29+HH!AL29+HH!AP29))*1000000 -> 1.7239426 | AE29: =((ACCIDENTES!D29+ACCIDENTES!I29+ACCIDENTES!N29+ACCIDENTES!S29+ACCIDENTES!X29+ACCIDENTES!AC29+ACCIDENTES!AH29+ACCIDENTES!AM29+ACCIDENTES!AR29+ACCIDENTES!AW29)/(HH!AP29+HH!AL29+HH!AH29+HH!AD29+HH!Z29+HH!V29+HH!R29+HH!N29+HH!J29+HH!F29))*1000000 -> 14.530373 | AF29: =((ACCIDENTES!AY29+ACCIDENTES!AT29+ACCIDENTES!AO29+ACCIDENTES!AJ29+ACCIDENTES!AE29+ACCIDENTES!Z29+ACCIDENTES!U29+ACCIDENTES!P29+ACCIDENTES!K29+ACCIDENTES!F29)/(HH!F29+HH!J29+HH!N29+HH!R29+HH!V29+HH!Z29+HH!AD29+HH!AH29+HH!AL29+HH!AP29))*1000000 -> 2.9553302 | AG29: =((ACCIDENTES!BA29+ACCIDENTES!AV29+ACCIDENTES!AQ29+ACCIDENTES!AL29+ACCIDENTES!AG29+ACCIDENTES!AB29+ACCIDENTES!W29+ACCIDENTES!R29+ACCIDENTES!M29+ACCIDENTES!H29+ACCIDENTES!C29)/(HH!AT29+HH!AP29+HH!AL29+HH!AH29+HH!AD29+HH!Z29+HH!V29+HH!R29+HH!N29+HH!J29+HH!F29))*1000000 -> 1.5672206 | AH29: =((ACCIDENTES!D29+ACCIDENTES!I29+ACCIDENTES!N29+ACCIDENTES!S29+ACCIDENTES!X29+ACCIDENTES!AC29+ACCIDENTES!AH29+ACCIDENTES!AM29+ACCIDENTES!AR29+ACCIDENTES!AW29+ACCIDENTES!BB29)/(HH!F29+HH!J29+HH!N29+HH!R29+HH!V29+HH!Z29+HH!AD29+HH!AH29+HH!AL29+HH!AP29+HH!AT29))*1000000 -> 13.20943 | AI29: =((ACCIDENTES!BD29+ACCIDENTES!AY29+ACCIDENTES!AT29+ACCIDENTES!AO29+ACCIDENTES!AJ29+ACCIDENTES!AE29+ACCIDENTES!Z29+ACCIDENTES!U29+ACCIDENTES!P29+ACCIDENTES!K29+ACCIDENTES!F29)/(HH!F29+HH!J29+HH!N29+HH!R29+HH!V29+HH!Z29+HH!AD29+HH!AH29+HH!AL29+HH!AP29+HH!AT29))*1000000 -> 2.6866638 | AJ29: =(ACCIDENTES!BK29/HH!BB29)*1000000 -> 1.6418501 | AK29: =(ACCIDENTES!BL29/HH!BB29)*1000000 -> 13.340032 | AL29: =(ACCIDENTES!BN29/HH!BB29)*1000000 -> 2.6680064 | AN29: =AW29 -> 1.0845836 | AO29: =BA29 -> 17.309954 | AR29: 1.518417 | AS29: 14.316503 | AT29: 0.3 | AV29: 0.65075015 | AW29: 1.0845836 | AX29: 1.3015003 | AZ29: 12.364253 | BA29: 17.309954 | BB29: 23.860839
A30: ALICORP SAA | B30: RELACIONES LABORALES (Comedores) | C30: =(ACCIDENTES!C30/HH!F30)*1000000 -> 0 | D30: =(ACCIDENTES!D30/HH!F30)*1000000 -> 0 | E30: =(ACCIDENTES!F30/HH!F30)*1000000 -> 0 | F30: =((ACCIDENTES!C30+ACCIDENTES!H30)/(HH!F30+HH!J30))*1000000 -> 0 | G30: =((ACCIDENTES!D30+ACCIDENTES!I30)/(HH!F30+HH!J30))*1000000 -> 0 | H30: =((ACCIDENTES!F30+ACCIDENTES!K30)/(HH!F30+HH!J30))*1000000 -> 28.978788 | I30: =((ACCIDENTES!C30+ACCIDENTES!H30+ACCIDENTES!M30)/(HH!F30+HH!J30+HH!N30))*1000000 -> 0 | J30: =((ACCIDENTES!D30+ACCIDENTES!I30+ACCIDENTES!N30)/(HH!F30+HH!J30+HH!N30))*1000000 -> 0 | K30: =((ACCIDENTES!F30+ACCIDENTES!K30+ACCIDENTES!P30)/(HH!J30+HH!N30+HH!F30))*1000000 -> 19.319192 | L30: =((ACCIDENTES!C30+ACCIDENTES!H30+ACCIDENTES!M30+ACCIDENTES!R30)/(HH!F30+HH!J30+HH!N30+HH!R30))*1000000 -> 14.489394 | M30: =((ACCIDENTES!D30+ACCIDENTES!I30+ACCIDENTES!N30+ACCIDENTES!S30)/(HH!F30+HH!J30+HH!N30+HH!R30))*1000000 -> 275.29848 | N30: =((ACCIDENTES!F30+ACCIDENTES!K30+ACCIDENTES!P30+ACCIDENTES!U30)/(HH!F30+HH!J30+HH!N30+HH!R30))*1000000 -> 28.978788 | O30: =((ACCIDENTES!C30+ACCIDENTES!H30+ACCIDENTES!M30+ACCIDENTES!R30+ACCIDENTES!W30)/(HH!F30+HH!J30+HH!N30+HH!R30+HH!V30))*1000000 -> 11.591515 | P30: =(((ACCIDENTES!D30+ACCIDENTES!I30+ACCIDENTES!N30+ACCIDENTES!S30+ACCIDENTES!X30)/(HH!F30+HH!J30+HH!N30+HH!R30+HH!V30))*1000000) -> 220.23879 | Q30: =((ACCIDENTES!F30+ACCIDENTES!K30+ACCIDENTES!P30+ACCIDENTES!U30+ACCIDENTES!Z30)/(HH!F30+HH!J30+HH!N30+HH!R30+HH!V30))*1000000 -> 23.18303 | R30: =(ACCIDENTES!C30+ACCIDENTES!H30+ACCIDENTES!M30+ACCIDENTES!R30+ACCIDENTES!W30+ACCIDENTES!AB30)*1000000/(HH!F30+HH!J30+HH!N30+HH!R30+HH!V30+HH!Z30) -> 9.6595958 | S30: =(ACCIDENTES!D30+ACCIDENTES!I30+ACCIDENTES!N30+ACCIDENTES!S30+ACCIDENTES!X30+ACCIDENTES!AC30)*1000000/(HH!F30+HH!J30+HH!N30+HH!R30+HH!V30+HH!Z30) -> 183.53232 | T30: =(ACCIDENTES!F30+ACCIDENTES!K30+ACCIDENTES!P30+ACCIDENTES!U30+ACCIDENTES!Z30+ACCIDENTES!AE30)*1000000/(HH!F30+HH!J30+HH!N30+HH!R30+HH!V30+HH!Z30) -> 19.319192 | U30: =((ACCIDENTES!C30+ACCIDENTES!H30+ACCIDENTES!M30+ACCIDENTES!R30+ACCIDENTES!W30+ACCIDENTES!AB30+ACCIDENTES!AG30)/(HH!F30+HH!J30+HH!N30+HH!R30+HH!V30+HH!Z30+HH!AD30))*1000000 -> 8.2796536 | V30: =((ACCIDENTES!D30+ACCIDENTES!I30+ACCIDENTES!N30+ACCIDENTES!S30+ACCIDENTES!X30+ACCIDENTES!AC30+ACCIDENTES!AH30)/(HH!F30+HH!J30+HH!N30+HH!R30+HH!V30+HH!Z30+HH!AD30))*1000000 -> 157.31342 | W30: =((ACCIDENTES!F30+ACCIDENTES!K30+ACCIDENTES!P30+ACCIDENTES!U30+ACCIDENTES!Z30+ACCIDENTES!AE30+ACCIDENTES!AJ30)/(HH!F30+HH!J30+HH!N30+HH!R30+HH!V30+HH!Z30+HH!AD30))*1000000 -> 16.559307 | X30: =((ACCIDENTES!C30+ACCIDENTES!H30+ACCIDENTES!M30+ACCIDENTES!R30+ACCIDENTES!W30+ACCIDENTES!AB30+ACCIDENTES!AG30+ACCIDENTES!AL30)/(HH!F30+HH!J30+HH!N30+HH!R30+HH!V30+HH!Z30+HH!AD30+HH!AH30))*1000000 -> 14.489394 | Y30: =((ACCIDENTES!D30+ACCIDENTES!I30+ACCIDENTES!N30+ACCIDENTES!S30+ACCIDENTES!X30+ACCIDENTES!AC30+ACCIDENTES!AH30+ACCIDENTES!AM30)/(HH!F30+HH!J30+HH!N30+HH!R30+HH!V30+HH!Z30+HH!AD30+HH!AH30))*1000000 -> 231.8303 | Z30: =((ACCIDENTES!F30+ACCIDENTES!K30+ACCIDENTES!P30+ACCIDENTES!U30+ACCIDENTES!Z30+ACCIDENTES!AE30+ACCIDENTES!AJ30+ACCIDENTES!AO30)/(HH!F30+HH!J30+HH!N30+HH!R30+HH!V30+HH!Z30+HH!AD30+HH!AH30))*1000000 -> 21.734091 | AA30: =((ACCIDENTES!AQ30+ACCIDENTES!AL30+ACCIDENTES!AG30+ACCIDENTES!AB30+ACCIDENTES!W30+ACCIDENTES!R30+ACCIDENTES!M30+ACCIDENTES!H30+ACCIDENTES!C30)/(HH!AL30+HH!AH30+HH!AD30+HH!Z30+HH!V30+HH!R30+HH!N30+HH!J30+HH!F30))*1000000 -> 12.879461 | AB30: =((ACCIDENTES!AR30+ACCIDENTES!AM30+ACCIDENTES!AH30+ACCIDENTES!AC30+ACCIDENTES!X30+ACCIDENTES!S30+ACCIDENTES!N30+ACCIDENTES!I30+ACCIDENTES!D30)/(HH!AL30+HH!AH30+HH!AD30+HH!Z30+HH!V30+HH!R30+HH!N30+HH!J30+HH!F30))*1000000 -> 206.07138 | AC30: =((ACCIDENTES!F30+ACCIDENTES!K30+ACCIDENTES!P30+ACCIDENTES!U30+ACCIDENTES!Z30+ACCIDENTES!AE30+ACCIDENTES!AJ30+ACCIDENTES!AO30+ACCIDENTES!AT30)/(HH!F30+HH!J30+HH!N30+HH!R30+HH!V30+HH!Z30+HH!AD30+HH!AH30+HH!AL30))*1000000 -> 19.319192 | AD30: =((ACCIDENTES!AV30+ACCIDENTES!AQ30+ACCIDENTES!AL30+ACCIDENTES!AG30+ACCIDENTES!AB30+ACCIDENTES!W30+ACCIDENTES!R30+ACCIDENTES!M30+ACCIDENTES!H30+ACCIDENTES!C30)/(HH!F30+HH!J30+HH!N30+HH!R30+HH!V30+HH!Z30+HH!AD30+HH!AH30+HH!AL30+HH!AP30))*1000000 -> 11.591515 | AE30: =((ACCIDENTES!D30+ACCIDENTES!I30+ACCIDENTES!N30+ACCIDENTES!S30+ACCIDENTES!X30+ACCIDENTES!AC30+ACCIDENTES!AH30+ACCIDENTES!AM30+ACCIDENTES!AR30+ACCIDENTES!AW30)/(HH!AP30+HH!AL30+HH!AH30+HH!AD30+HH!Z30+HH!V30+HH!R30+HH!N30+HH!J30+HH!F30))*1000000 -> 185.46424 | AF30: =((ACCIDENTES!AY30+ACCIDENTES!AT30+ACCIDENTES!AO30+ACCIDENTES!AJ30+ACCIDENTES!AE30+ACCIDENTES!Z30+ACCIDENTES!U30+ACCIDENTES!P30+ACCIDENTES!K30+ACCIDENTES!F30)/(HH!F30+HH!J30+HH!N30+HH!R30+HH!V30+HH!Z30+HH!AD30+HH!AH30+HH!AL30+HH!AP30))*1000000 -> 17.387273 | AG30: =((ACCIDENTES!BA30+ACCIDENTES!AV30+ACCIDENTES!AQ30+ACCIDENTES!AL30+ACCIDENTES!AG30+ACCIDENTES!AB30+ACCIDENTES!W30+ACCIDENTES!R30+ACCIDENTES!M30+ACCIDENTES!H30+ACCIDENTES!C30)/(HH!AT30+HH!AP30+HH!AL30+HH!AH30+HH!AD30+HH!Z30+HH!V30+HH!R30+HH!N30+HH!J30+HH!F30))*1000000 -> 10.537741 | AH30: =((ACCIDENTES!D30+ACCIDENTES!I30+ACCIDENTES!N30+ACCIDENTES!S30+ACCIDENTES!X30+ACCIDENTES!AC30+ACCIDENTES!AH30+ACCIDENTES!AM30+ACCIDENTES!AR30+ACCIDENTES!AW30+ACCIDENTES!BB30)/(HH!F30+HH!J30+HH!N30+HH!R30+HH!V30+HH!Z30+HH!AD30+HH!AH30+HH!AL30+HH!AP30+HH!AT30))*1000000 -> 168.60385 | AI30: =((ACCIDENTES!BD30+ACCIDENTES!AY30+ACCIDENTES!AT30+ACCIDENTES!AO30+ACCIDENTES!AJ30+ACCIDENTES!AE30+ACCIDENTES!Z30+ACCIDENTES!U30+ACCIDENTES!P30+ACCIDENTES!K30+ACCIDENTES!F30)/(HH!F30+HH!J30+HH!N30+HH!R30+HH!V30+HH!Z30+HH!AD30+HH!AH30+HH!AL30+HH!AP30+HH!AT30))*1000000 -> 15.806611 | AJ30: =(ACCIDENTES!BK30/HH!BB30)*1000000 -> 9.6595958 | AK30: =(ACCIDENTES!BL30/HH!BB30)*1000000 -> 154.55353 | AL30: =(ACCIDENTES!BN30/HH!BB30)*1000000 -> 14.489394 | AN30: =AW30 -> 0 | AO30: =BA30 -> 0 | AR30: 4.8297373 | AS30: 48.297373 | AT30: 1 | AV30: 0 | AW30: 0 | AX30: 4.8297373 | AZ30: 0 | BA30: 0 | BB30: 38.637898
A31: ALICORP SAA | B31: DESARROLLO TECNOLÓGICO | C31: =(ACCIDENTES!C31/HH!F31)*1000000 -> 0 | D31: =(ACCIDENTES!D31/HH!F31)*1000000 -> 0 | E31: =(ACCIDENTES!F31/HH!F31)*1000000 -> 0 | F31: =((ACCIDENTES!C31+ACCIDENTES!H31)/(HH!F31+HH!J31))*1000000 -> 0 | G31: =((ACCIDENTES!D31+ACCIDENTES!I31)/(HH!F31+HH!J31))*1000000 -> 0 | H31: =((ACCIDENTES!F31+ACCIDENTES!K31)/(HH!F31+HH!J31))*1000000 -> 0 | I31: =((ACCIDENTES!C31+ACCIDENTES!H31+ACCIDENTES!M31)/(HH!F31+HH!J31+HH!N31))*1000000 -> 0 | J31: =((ACCIDENTES!D31+ACCIDENTES!I31+ACCIDENTES!N31)/(HH!F31+HH!J31+HH!N31))*1000000 -> 0 | K31: =((ACCIDENTES!F31+ACCIDENTES!K31+ACCIDENTES!P31)/(HH!J31+HH!N31+HH!F31))*1000000 -> 0 | L31: =((ACCIDENTES!C31+ACCIDENTES!H31+ACCIDENTES!M31+ACCIDENTES!R31)/(HH!F31+HH!J31+HH!N31+HH!R31))*1000000 -> 0 | M31: =((ACCIDENTES!D31+ACCIDENTES!I31+ACCIDENTES!N31+ACCIDENTES!S31)/(HH!F31+HH!J31+HH!N31+HH!R31))*1000000 -> 0 | N31: =((ACCIDENTES!F31+ACCIDENTES!K31+ACCIDENTES!P31+ACCIDENTES!U31)/(HH!F31+HH!J31+HH!N31+HH!R31))*1000000 -> 0 | O31: =((ACCIDENTES!C31+ACCIDENTES!H31+ACCIDENTES!M31+ACCIDENTES!R31+ACCIDENTES!W31)/(HH!F31+HH!J31+HH!N31+HH!R31+HH!V31))*1000000 -> 0 | P31: =(((ACCIDENTES!D31+ACCIDENTES!I31+ACCIDENTES!N31+ACCIDENTES!S31+ACCIDENTES!X31)/(HH!F31+HH!J31+HH!N31+HH!R31+HH!V31))*1000000) -> 0 | Q31: =((ACCIDENTES!F31+ACCIDENTES!K31+ACCIDENTES!P31+ACCIDENTES!U31+ACCIDENTES!Z31)/(HH!F31+HH!J31+HH!N31+HH!R31+HH!V31))*1000000 -> 0 | R31: =(ACCIDENTES!C31+ACCIDENTES!H31+ACCIDENTES!M31+ACCIDENTES!R31+ACCIDENTES!W31+ACCIDENTES!AB31)*1000000/(HH!F31+HH!J31+HH!N31+HH!R31+HH!V31+HH!Z31) -> 0 | S31: =(ACCIDENTES!D31+ACCIDENTES!I31+ACCIDENTES!N31+ACCIDENTES!S31+ACCIDENTES!X31+ACCIDENTES!AC31)*1000000/(HH!F31+HH!J31+HH!N31+HH!R31+HH!V31+HH!Z31) -> 0 | T31: =(ACCIDENTES!F31+ACCIDENTES!K31+ACCIDENTES!P31+ACCIDENTES!U31+ACCIDENTES!Z31+ACCIDENTES!AE31)*1000000/(HH!F31+HH!J31+HH!N31+HH!R31+HH!V31+HH!Z31) -> 0 | U31: =((ACCIDENTES!C31+ACCIDENTES!H31+ACCIDENTES!M31+ACCIDENTES!R31+ACCIDENTES!W31+ACCIDENTES!AB31+ACCIDENTES!AG31)/(HH!F31+HH!J31+HH!N31+HH!R31+HH!V31+HH!Z31+HH!AD31))*1000000 -> 0 | V31: =((ACCIDENTES!D31+ACCIDENTES!I31+ACCIDENTES!N31+ACCIDENTES!S31+ACCIDENTES!X31+ACCIDENTES!AC31+ACCIDENTES!AH31)/(HH!F31+HH!J31+HH!N31+HH!R31+HH!V31+HH!Z31+HH!AD31))*1000000 -> 0 | W31: =((ACCIDENTES!F31+ACCIDENTES!K31+ACCIDENTES!P31+ACCIDENTES!U31+ACCIDENTES!Z31+ACCIDENTES!AE31+ACCIDENTES!AJ31)/(HH!F31+HH!J31+HH!N31+HH!R31+HH!V31+HH!Z31+HH!AD31))*1000000 -> 0 | X31: =((ACCIDENTES!C31+ACCIDENTES!H31+ACCIDENTES!M31+ACCIDENTES!R31+ACCIDENTES!W31+ACCIDENTES!AB31+ACCIDENTES!AG31+ACCIDENTES!AL31)/(HH!F31+HH!J31+HH!N31+HH!R31+HH!V31+HH!Z31+HH!AD31+HH!AH31))*1000000 -> 7.4017054 | Y31: =((ACCIDENTES!D31+ACCIDENTES!I31+ACCIDENTES!N31+ACCIDENTES!S31+ACCIDENTES!X31+ACCIDENTES!AC31+ACCIDENTES!AH31+ACCIDENTES!AM31)/(HH!F31+HH!J31+HH!N31+HH!R31+HH!V31+HH!Z31+HH!AD31+HH!AH31))*1000000 -> 66.615348 | Z31: =((ACCIDENTES!F31+ACCIDENTES!K31+ACCIDENTES!P31+ACCIDENTES!U31+ACCIDENTES!Z31+ACCIDENTES!AE31+ACCIDENTES!AJ31+ACCIDENTES!AO31)/(HH!F31+HH!J31+HH!N31+HH!R31+HH!V31+HH!Z31+HH!AD31+HH!AH31))*1000000 -> 7.4017054 | AA31: =((ACCIDENTES!AQ31+ACCIDENTES!AL31+ACCIDENTES!AG31+ACCIDENTES!AB31+ACCIDENTES!W31+ACCIDENTES!R31+ACCIDENTES!M31+ACCIDENTES!H31+ACCIDENTES!C31)/(HH!AL31+HH!AH31+HH!AD31+HH!Z31+HH!V31+HH!R31+HH!N31+HH!J31+HH!F31))*1000000 -> 5.6288067 | AB31: =((ACCIDENTES!AR31+ACCIDENTES!AM31+ACCIDENTES!AH31+ACCIDENTES!AC31+ACCIDENTES!X31+ACCIDENTES!S31+ACCIDENTES!N31+ACCIDENTES!I31+ACCIDENTES!D31)/(HH!AL31+HH!AH31+HH!AD31+HH!Z31+HH!V31+HH!R31+HH!N31+HH!J31+HH!F31))*1000000 -> 50.65926 | AC31: =((ACCIDENTES!F31+ACCIDENTES!K31+ACCIDENTES!P31+ACCIDENTES!U31+ACCIDENTES!Z31+ACCIDENTES!AE31+ACCIDENTES!AJ31+ACCIDENTES!AO31+ACCIDENTES!AT31)/(HH!F31+HH!J31+HH!N31+HH!R31+HH!V31+HH!Z31+HH!AD31+HH!AH31+HH!AL31))*1000000 -> 5.6288067 | AD31: =((ACCIDENTES!AV31+ACCIDENTES!AQ31+ACCIDENTES!AL31+ACCIDENTES!AG31+ACCIDENTES!AB31+ACCIDENTES!W31+ACCIDENTES!R31+ACCIDENTES!M31+ACCIDENTES!H31+ACCIDENTES!C31)/(HH!F31+HH!J31+HH!N31+HH!R31+HH!V31+HH!Z31+HH!AD31+HH!AH31+HH!AL31+HH!AP31))*1000000 -> 9.0821943 | AE31: =((ACCIDENTES!D31+ACCIDENTES!I31+ACCIDENTES!N31+ACCIDENTES!S31+ACCIDENTES!X31+ACCIDENTES!AC31+ACCIDENTES!AH31+ACCIDENTES!AM31+ACCIDENTES!AR31+ACCIDENTES!AW31)/(HH!AP31+HH!AL31+HH!AH31+HH!AD31+HH!Z31+HH!V31+HH!R31+HH!N31+HH!J31+HH!F31))*1000000 -> 49.952069 | AF31: =((ACCIDENTES!AY31+ACCIDENTES!AT31+ACCIDENTES!AO31+ACCIDENTES!AJ31+ACCIDENTES!AE31+ACCIDENTES!Z31+ACCIDENTES!U31+ACCIDENTES!P31+ACCIDENTES!K31+ACCIDENTES!F31)/(HH!F31+HH!J31+HH!N31+HH!R31+HH!V31+HH!Z31+HH!AD31+HH!AH31+HH!AL31+HH!AP31))*1000000 -> 9.0821943 | AG31: =((ACCIDENTES!BA31+ACCIDENTES!AV31+ACCIDENTES!AQ31+ACCIDENTES!AL31+ACCIDENTES!AG31+ACCIDENTES!AB31+ACCIDENTES!W31+ACCIDENTES!R31+ACCIDENTES!M31+ACCIDENTES!H31+ACCIDENTES!C31)/(HH!AT31+HH!AP31+HH!AL31+HH!AH31+HH!AD31+HH!Z31+HH!V31+HH!R31+HH!N31+HH!J31+HH!F31))*1000000 -> 7.6113739 | AH31: =((ACCIDENTES!D31+ACCIDENTES!I31+ACCIDENTES!N31+ACCIDENTES!S31+ACCIDENTES!X31+ACCIDENTES!AC31+ACCIDENTES!AH31+ACCIDENTES!AM31+ACCIDENTES!AR31+ACCIDENTES!AW31+ACCIDENTES!BB31)/(HH!F31+HH!J31+HH!N31+HH!R31+HH!V31+HH!Z31+HH!AD31+HH!AH31+HH!AL31+HH!AP31+HH!AT31))*1000000 -> 41.862556 | AI31: =((ACCIDENTES!BD31+ACCIDENTES!AY31+ACCIDENTES!AT31+ACCIDENTES!AO31+ACCIDENTES!AJ31+ACCIDENTES!AE31+ACCIDENTES!Z31+ACCIDENTES!U31+ACCIDENTES!P31+ACCIDENTES!K31+ACCIDENTES!F31)/(HH!F31+HH!J31+HH!N31+HH!R31+HH!V31+HH!Z31+HH!AD31+HH!AH31+HH!AL31+HH!AP31+HH!AT31))*1000000 -> 7.6113739 | AJ31: =(ACCIDENTES!BK31/HH!BB31)*1000000 -> 6.5052148 | AK31: =(ACCIDENTES!BL31/HH!BB31)*1000000 -> 35.778682 | AL31: =(ACCIDENTES!BN31/HH!BB31)*1000000 -> 6.5052148 | AN31: =AW31 -> 1.7669218 | AO31: =BA31 -> 88.346091 | AR31: 3.5338407 | AS31: 143.12055 | AT31: 0.7 | AV31: 0 | AW31: 1.7669218 | AX31: 2.8270749 | AZ31: 0 | BA31: 88.346091 | BB31: 141.35374
A32: ALICORP SAA | B32: ALMACEN INSUMOS-ENVASES (TOTAL) | C32: =(ACCIDENTES!C32/HH!F32)*1000000 -> 0 | D32: =(ACCIDENTES!D32/HH!F32)*1000000 -> 0 | E32: =(ACCIDENTES!F32/HH!F32)*1000000 -> 0 | F32: =((ACCIDENTES!C32+ACCIDENTES!H32)/(HH!F32+HH!J32))*1000000 -> 0 | G32: =((ACCIDENTES!D32+ACCIDENTES!I32)/(HH!F32+HH!J32))*1000000 -> 0 | H32: =((ACCIDENTES!F32+ACCIDENTES!K32)/(HH!F32+HH!J32))*1000000 -> 0 | I32: =((ACCIDENTES!C32+ACCIDENTES!H32+ACCIDENTES!M32)/(HH!F32+HH!J32+HH!N32))*1000000 -> 0 | J32: =((ACCIDENTES!D32+ACCIDENTES!I32+ACCIDENTES!N32)/(HH!F32+HH!J32+HH!N32))*1000000 -> 0 | K32: =((ACCIDENTES!F32+ACCIDENTES!K32+ACCIDENTES!P32)/(HH!J32+HH!N32+HH!F32))*1000000 -> 0 | L32: =((ACCIDENTES!C32+ACCIDENTES!H32+ACCIDENTES!M32+ACCIDENTES!R32)/(HH!F32+HH!J32+HH!N32+HH!R32))*1000000 -> 0 | M32: =((ACCIDENTES!D32+ACCIDENTES!I32+ACCIDENTES!N32+ACCIDENTES!S32)/(HH!F32+HH!J32+HH!N32+HH!R32))*1000000 -> 0 | N32: =((ACCIDENTES!F32+ACCIDENTES!K32+ACCIDENTES!P32+ACCIDENTES!U32)/(HH!F32+HH!J32+HH!N32+HH!R32))*1000000 -> 0 | O32: =((ACCIDENTES!C32+ACCIDENTES!H32+ACCIDENTES!M32+ACCIDENTES!R32+ACCIDENTES!W32)/(HH!F32+HH!J32+HH!N32+HH!R32+HH!V32))*1000000 -> 0 | P32: =(((ACCIDENTES!D32+ACCIDENTES!I32+ACCIDENTES!N32+ACCIDENTES!S32+ACCIDENTES!X32)/(HH!F32+HH!J32+HH!N32+HH!R32+HH!V32))*1000000) -> 0 | Q32: =((ACCIDENTES!F32+ACCIDENTES!K32+ACCIDENTES!P32+ACCIDENTES!U32+ACCIDENTES!Z32)/(HH!F32+HH!J32+HH!N32+HH!R32+HH!V32))*1000000 -> 0 | R32: =(ACCIDENTES!C32+ACCIDENTES!H32+ACCIDENTES!M32+ACCIDENTES!R32+ACCIDENTES!W32+ACCIDENTES!AB32)*1000000/(HH!F32+HH!J32+HH!N32+HH!R32+HH!V32+HH!Z32) -> 12.76238 | S32: =(ACCIDENTES!D32+ACCIDENTES!I32+ACCIDENTES!N32+ACCIDENTES!S32+ACCIDENTES!X32+ACCIDENTES!AC32)*1000000/(HH!F32+HH!J32+HH!N32+HH!R32+HH!V32+HH!Z32) -> 1901.5946 | T32: =(ACCIDENTES!F32+ACCIDENTES!K32+ACCIDENTES!P32+ACCIDENTES!U32+ACCIDENTES!Z32+ACCIDENTES!AE32)*1000000/(HH!F32+HH!J32+HH!N32+HH!R32+HH!V32+HH!Z32) -> 12.76238 | U32: =((ACCIDENTES!C32+ACCIDENTES!H32+ACCIDENTES!M32+ACCIDENTES!R32+ACCIDENTES!W32+ACCIDENTES!AB32+ACCIDENTES!AG32)/(HH!F32+HH!J32+HH!N32+HH!R32+HH!V32+HH!Z32+HH!AD32))*1000000 -> 10.714692 | V32: =((ACCIDENTES!D32+ACCIDENTES!I32+ACCIDENTES!N32+ACCIDENTES!S32+ACCIDENTES!X32+ACCIDENTES!AC32+ACCIDENTES!AH32)/(HH!F32+HH!J32+HH!N32+HH!R32+HH!V32+HH!Z32+HH!AD32))*1000000 -> 1596.4892 | W32: =((ACCIDENTES!F32+ACCIDENTES!K32+ACCIDENTES!P32+ACCIDENTES!U32+ACCIDENTES!Z32+ACCIDENTES!AE32+ACCIDENTES!AJ32)/(HH!F32+HH!J32+HH!N32+HH!R32+HH!V32+HH!Z32+HH!AD32))*1000000 -> 10.714692 | X32: =((ACCIDENTES!C32+ACCIDENTES!H32+ACCIDENTES!M32+ACCIDENTES!R32+ACCIDENTES!W32+ACCIDENTES!AB32+ACCIDENTES!AG32+ACCIDENTES!AL32)/(HH!F32+HH!J32+HH!N32+HH!R32+HH!V32+HH!Z32+HH!AD32+HH!AH32))*1000000 -> 9.3143875 | Y32: =((ACCIDENTES!D32+ACCIDENTES!I32+ACCIDENTES!N32+ACCIDENTES!S32+ACCIDENTES!X32+ACCIDENTES!AC32+ACCIDENTES!AH32+ACCIDENTES!AM32)/(HH!F32+HH!J32+HH!N32+HH!R32+HH!V32+HH!Z32+HH!AD32+HH!AH32))*1000000 -> 1387.8437 | Z32: =((ACCIDENTES!F32+ACCIDENTES!K32+ACCIDENTES!P32+ACCIDENTES!U32+ACCIDENTES!Z32+ACCIDENTES!AE32+ACCIDENTES!AJ32+ACCIDENTES!AO32)/(HH!F32+HH!J32+HH!N32+HH!R32+HH!V32+HH!Z32+HH!AD32+HH!AH32))*1000000 -> 9.3143875 | AA32: =((ACCIDENTES!AQ32+ACCIDENTES!AL32+ACCIDENTES!AG32+ACCIDENTES!AB32+ACCIDENTES!W32+ACCIDENTES!R32+ACCIDENTES!M32+ACCIDENTES!H32+ACCIDENTES!C32)/(HH!AL32+HH!AH32+HH!AD32+HH!Z32+HH!V32+HH!R32+HH!N32+HH!J32+HH!F32))*1000000 -> 8.3937833 | AB32: =((ACCIDENTES!AR32+ACCIDENTES!AM32+ACCIDENTES!AH32+ACCIDENTES!AC32+ACCIDENTES!X32+ACCIDENTES!S32+ACCIDENTES!N32+ACCIDENTES!I32+ACCIDENTES!D32)/(HH!AL32+HH!AH32+HH!AD32+HH!Z32+HH!V32+HH!R32+HH!N32+HH!J32+HH!F32))*1000000 -> 1250.6737 | AC32: =((ACCIDENTES!F32+ACCIDENTES!K32+ACCIDENTES!P32+ACCIDENTES!U32+ACCIDENTES!Z32+ACCIDENTES!AE32+ACCIDENTES!AJ32+ACCIDENTES!AO32+ACCIDENTES!AT32)/(HH!F32+HH!J32+HH!N32+HH!R32+HH!V32+HH!Z32+HH!AD32+HH!AH32+HH!AL32))*1000000 -> 8.3937833 | AD32: =((ACCIDENTES!AV32+ACCIDENTES!AQ32+ACCIDENTES!AL32+ACCIDENTES!AG32+ACCIDENTES!AB32+ACCIDENTES!W32+ACCIDENTES!R32+ACCIDENTES!M32+ACCIDENTES!H32+ACCIDENTES!C32)/(HH!F32+HH!J32+HH!N32+HH!R32+HH!V32+HH!Z32+HH!AD32+HH!AH32+HH!AL32+HH!AP32))*1000000 -> 7.6677538 | AE32: =((ACCIDENTES!D32+ACCIDENTES!I32+ACCIDENTES!N32+ACCIDENTES!S32+ACCIDENTES!X32+ACCIDENTES!AC32+ACCIDENTES!AH32+ACCIDENTES!AM32+ACCIDENTES!AR32+ACCIDENTES!AW32)/(HH!AP32+HH!AL32+HH!AH32+HH!AD32+HH!Z32+HH!V32+HH!R32+HH!N32+HH!J32+HH!F32))*1000000 -> 1142.4953 | AF32: =((ACCIDENTES!AY32+ACCIDENTES!AT32+ACCIDENTES!AO32+ACCIDENTES!AJ32+ACCIDENTES!AE32+ACCIDENTES!Z32+ACCIDENTES!U32+ACCIDENTES!P32+ACCIDENTES!K32+ACCIDENTES!F32)/(HH!F32+HH!J32+HH!N32+HH!R32+HH!V32+HH!Z32+HH!AD32+HH!AH32+HH!AL32+HH!AP32))*1000000 -> 7.6677538 | AG32: =((ACCIDENTES!BA32+ACCIDENTES!AV32+ACCIDENTES!AQ32+ACCIDENTES!AL32+ACCIDENTES!AG32+ACCIDENTES!AB32+ACCIDENTES!W32+ACCIDENTES!R32+ACCIDENTES!M32+ACCIDENTES!H32+ACCIDENTES!C32)/(HH!AT32+HH!AP32+HH!AL32+HH!AH32+HH!AD32+HH!Z32+HH!V32+HH!R32+HH!N32+HH!J32+HH!F32))*1000000 -> 6.9571369 | AH32: =((ACCIDENTES!D32+ACCIDENTES!I32+ACCIDENTES!N32+ACCIDENTES!S32+ACCIDENTES!X32+ACCIDENTES!AC32+ACCIDENTES!AH32+ACCIDENTES!AM32+ACCIDENTES!AR32+ACCIDENTES!AW32+ACCIDENTES!BB32)/(HH!F32+HH!J32+HH!N32+HH!R32+HH!V32+HH!Z32+HH!AD32+HH!AH32+HH!AL32+HH!AP32+HH!AT32))*1000000 -> 1036.6134 | AI32: =((ACCIDENTES!BD32+ACCIDENTES!AY32+ACCIDENTES!AT32+ACCIDENTES!AO32+ACCIDENTES!AJ32+ACCIDENTES!AE32+ACCIDENTES!Z32+ACCIDENTES!U32+ACCIDENTES!P32+ACCIDENTES!K32+ACCIDENTES!F32)/(HH!F32+HH!J32+HH!N32+HH!R32+HH!V32+HH!Z32+HH!AD32+HH!AH32+HH!AL32+HH!AP32+HH!AT32))*1000000 -> 6.9571369 | AJ32: =(ACCIDENTES!BK32/HH!BB32)*1000000 -> 6.1137292 | AK32: =(ACCIDENTES!BL32/HH!BB32)*1000000 -> 910.94565 | AL32: =(ACCIDENTES!BN32/HH!BB32)*1000000 -> 6.1137292 | AN32: =AW32 -> 0 | AO32: =BA32 -> 0 | AR32: 0 | AS32: 0 | AT32: 0 | AV32: 0 | AW32: 0 | AX32: 0 | AZ32: 0 | BA32: 0 | BB32: 0
A33: ALICORP SAA | B33: ALMACEN INSUMOS-ENVASES - COPSA | C33: =(ACCIDENTES!C33/HH!F33)*1000000 -> 0 | D33: =(ACCIDENTES!D33/HH!F33)*1000000 -> 0 | E33: =(ACCIDENTES!F33/HH!F33)*1000000 -> 0 | F33: =((ACCIDENTES!C33+ACCIDENTES!H33)/(HH!F33+HH!J33))*1000000 -> 0 | G33: =((ACCIDENTES!D33+ACCIDENTES!I33)/(HH!F33+HH!J33))*1000000 -> 0 | H33: =((ACCIDENTES!F33+ACCIDENTES!K33)/(HH!F33+HH!J33))*1000000 -> 0 | I33: =((ACCIDENTES!C33+ACCIDENTES!H33+ACCIDENTES!M33)/(HH!F33+HH!J33+HH!N33))*1000000 -> 0 | J33: =((ACCIDENTES!D33+ACCIDENTES!I33+ACCIDENTES!N33)/(HH!F33+HH!J33+HH!N33))*1000000 -> 0 | K33: =((ACCIDENTES!F33+ACCIDENTES!K33+ACCIDENTES!P33)/(HH!J33+HH!N33+HH!F33))*1000000 -> 0 | L33: =((ACCIDENTES!C33+ACCIDENTES!H33+ACCIDENTES!M33+ACCIDENTES!R33)/(HH!F33+HH!J33+HH!N33+HH!R33))*1000000 -> 0 | M33: =((ACCIDENTES!D33+ACCIDENTES!I33+ACCIDENTES!N33+ACCIDENTES!S33)/(HH!F33+HH!J33+HH!N33+HH!R33))*1000000 -> 0 | N33: =((ACCIDENTES!F33+ACCIDENTES!K33+ACCIDENTES!P33+ACCIDENTES!U33)/(HH!F33+HH!J33+HH!N33+HH!R33))*1000000 -> 0 | O33: =((ACCIDENTES!C33+ACCIDENTES!H33+ACCIDENTES!M33+ACCIDENTES!R33+ACCIDENTES!W33)/(HH!F33+HH!J33+HH!N33+HH!R33+HH!V33))*1000000 -> 0 | P33: =(((ACCIDENTES!D33+ACCIDENTES!I33+ACCIDENTES!N33+ACCIDENTES!S33+ACCIDENTES!X33)/(HH!F33+HH!J33+HH!N33+HH!R33+HH!V33))*1000000) -> 0 | Q33: =((ACCIDENTES!F33+ACCIDENTES!K33+ACCIDENTES!P33+ACCIDENTES!U33+ACCIDENTES!Z33)/(HH!F33+HH!J33+HH!N33+HH!R33+HH!V33))*1000000 -> 0 | R33: =(ACCIDENTES!C33+ACCIDENTES!H33+ACCIDENTES!M33+ACCIDENTES!R33+ACCIDENTES!W33+ACCIDENTES!AB33)*1000000/(HH!F33+HH!J33+HH!N33+HH!R33+HH!V33+HH!Z33) -> 29.63683 | S33: =(ACCIDENTES!D33+ACCIDENTES!I33+ACCIDENTES!N33+ACCIDENTES!S33+ACCIDENTES!X33+ACCIDENTES!AC33)*1000000/(HH!F33+HH!J33+HH!N33+HH!R33+HH!V33+HH!Z33) -> 4415.8877 | T33: =(ACCIDENTES!F33+ACCIDENTES!K33+ACCIDENTES!P33+ACCIDENTES!U33+ACCIDENTES!Z33+ACCIDENTES!AE33)*1000000/(HH!F33+HH!J33+HH!N33+HH!R33+HH!V33+HH!Z33) -> 29.63683 | U33: =((ACCIDENTES!C33+ACCIDENTES!H33+ACCIDENTES!M33+ACCIDENTES!R33+ACCIDENTES!W33+ACCIDENTES!AB33+ACCIDENTES!AG33)/(HH!F33+HH!J33+HH!N33+HH!R33+HH!V33+HH!Z33+HH!AD33))*1000000 -> 25.154512 | V33: =((ACCIDENTES!D33+ACCIDENTES!I33+ACCIDENTES!N33+ACCIDENTES!S33+ACCIDENTES!X33+ACCIDENTES!AC33+ACCIDENTES!AH33)/(HH!F33+HH!J33+HH!N33+HH!R33+HH!V33+HH!Z33+HH!AD33))*1000000 -> 3748.0222 | W33: =((ACCIDENTES!F33+ACCIDENTES!K33+ACCIDENTES!P33+ACCIDENTES!U33+ACCIDENTES!Z33+ACCIDENTES!AE33+ACCIDENTES!AJ33)/(HH!F33+HH!J33+HH!N33+HH!R33+HH!V33+HH!Z33+HH!AD33))*1000000 -> 25.154512 | X33: =((ACCIDENTES!C33+ACCIDENTES!H33+ACCIDENTES!M33+ACCIDENTES!R33+ACCIDENTES!W33+ACCIDENTES!AB33+ACCIDENTES!AG33+ACCIDENTES!AL33)/(HH!F33+HH!J33+HH!N33+HH!R33+HH!V33+HH!Z33+HH!AD33+HH!AH33))*1000000 -> 22.318041 | Y33: =((ACCIDENTES!D33+ACCIDENTES!I33+ACCIDENTES!N33+ACCIDENTES!S33+ACCIDENTES!X33+ACCIDENTES!AC33+ACCIDENTES!AH33+ACCIDENTES!AM33)/(HH!F33+HH!J33+HH!N33+HH!R33+HH!V33+HH!Z33+HH!AD33+HH!AH33))*1000000 -> 3325.3881 | Z33: =((ACCIDENTES!F33+ACCIDENTES!K33+ACCIDENTES!P33+ACCIDENTES!U33+ACCIDENTES!Z33+ACCIDENTES!AE33+ACCIDENTES!AJ33+ACCIDENTES!AO33)/(HH!F33+HH!J33+HH!N33+HH!R33+HH!V33+HH!Z33+HH!AD33+HH!AH33))*1000000 -> 22.318041 | AA33: =((ACCIDENTES!AQ33+ACCIDENTES!AL33+ACCIDENTES!AG33+ACCIDENTES!AB33+ACCIDENTES!W33+ACCIDENTES!R33+ACCIDENTES!M33+ACCIDENTES!H33+ACCIDENTES!C33)/(HH!AL33+HH!AH33+HH!AD33+HH!Z33+HH!V33+HH!R33+HH!N33+HH!J33+HH!F33))*1000000 -> 20.191088 | AB33: =((ACCIDENTES!AR33+ACCIDENTES!AM33+ACCIDENTES!AH33+ACCIDENTES!AC33+ACCIDENTES!X33+ACCIDENTES!S33+ACCIDENTES!N33+ACCIDENTES!I33+ACCIDENTES!D33)/(HH!AL33+HH!AH33+HH!AD33+HH!Z33+HH!V33+HH!R33+HH!N33+HH!J33+HH!F33))*1000000 -> 3008.4722 | AC33: =((ACCIDENTES!F33+ACCIDENTES!K33+ACCIDENTES!P33+ACCIDENTES!U33+ACCIDENTES!Z33+ACCIDENTES!AE33+ACCIDENTES!AJ33+ACCIDENTES!AO33+ACCIDENTES!AT33)/(HH!F33+HH!J33+HH!N33+HH!R33+HH!V33+HH!Z33+HH!AD33+HH!AH33+HH!AL33))*1000000 -> 20.191088 | AD33: =((ACCIDENTES!AV33+ACCIDENTES!AQ33+ACCIDENTES!AL33+ACCIDENTES!AG33+ACCIDENTES!AB33+ACCIDENTES!W33+ACCIDENTES!R33+ACCIDENTES!M33+ACCIDENTES!H33+ACCIDENTES!C33)/(HH!F33+HH!J33+HH!N33+HH!R33+HH!V33+HH!Z33+HH!AD33+HH!AH33+HH!AL33+HH!AP33))*1000000 -> 18.759333 | AE33: =((ACCIDENTES!D33+ACCIDENTES!I33+ACCIDENTES!N33+ACCIDENTES!S33+ACCIDENTES!X33+ACCIDENTES!AC33+ACCIDENTES!AH33+ACCIDENTES!AM33+ACCIDENTES!AR33+ACCIDENTES!AW33)/(HH!AP33+HH!AL33+HH!AH33+HH!AD33+HH!Z33+HH!V33+HH!R33+HH!N33+HH!J33+HH!F33))*1000000 -> 2795.1406 | AF33: =((ACCIDENTES!AY33+ACCIDENTES!AT33+ACCIDENTES!AO33+ACCIDENTES!AJ33+ACCIDENTES!AE33+ACCIDENTES!Z33+ACCIDENTES!U33+ACCIDENTES!P33+ACCIDENTES!K33+ACCIDENTES!F33)/(HH!F33+HH!J33+HH!N33+HH!R33+HH!V33+HH!Z33+HH!AD33+HH!AH33+HH!AL33+HH!AP33))*1000000 -> 18.759333 | AG33: =((ACCIDENTES!BA33+ACCIDENTES!AV33+ACCIDENTES!AQ33+ACCIDENTES!AL33+ACCIDENTES!AG33+ACCIDENTES!AB33+ACCIDENTES!W33+ACCIDENTES!R33+ACCIDENTES!M33+ACCIDENTES!H33+ACCIDENTES!C33)/(HH!AT33+HH!AP33+HH!AL33+HH!AH33+HH!AD33+HH!Z33+HH!V33+HH!R33+HH!N33+HH!J33+HH!F33))*1000000 -> 16.796334 | AH33: =((ACCIDENTES!D33+ACCIDENTES!I33+ACCIDENTES!N33+ACCIDENTES!S33+ACCIDENTES!X33+ACCIDENTES!AC33+ACCIDENTES!AH33+ACCIDENTES!AM33+ACCIDENTES!AR33+ACCIDENTES!AW33+ACCIDENTES!BB33)/(HH!F33+HH!J33+HH!N33+HH!R33+HH!V33+HH!Z33+HH!AD33+HH!AH33+HH!AL33+HH!AP33+HH!AT33))*1000000 -> 2502.6538 | AI33: =((ACCIDENTES!BD33+ACCIDENTES!AY33+ACCIDENTES!AT33+ACCIDENTES!AO33+ACCIDENTES!AJ33+ACCIDENTES!AE33+ACCIDENTES!Z33+ACCIDENTES!U33+ACCIDENTES!P33+ACCIDENTES!K33+ACCIDENTES!F33)/(HH!F33+HH!J33+HH!N33+HH!R33+HH!V33+HH!Z33+HH!AD33+HH!AH33+HH!AL33+HH!AP33+HH!AT33))*1000000 -> 16.796334 | AJ33: =(ACCIDENTES!BK33/HH!BB33)*1000000 -> 13.841252 | AK33: =(ACCIDENTES!BL33/HH!BB33)*1000000 -> 2062.3465 | AL33: =(ACCIDENTES!BN33/HH!BB33)*1000000 -> 13.841252 | AN33: =AW33 -> 0 | AO33: =BA33 -> 0
A34: ALICORP SAA | B34: ALMACEN INSUMOS-ENVASES - MCA | C34: =(ACCIDENTES!C34/HH!F34)*1000000 -> 0 | D34: =(ACCIDENTES!D34/HH!F34)*1000000 -> 0 | E34: =(ACCIDENTES!F34/HH!F34)*1000000 -> 0 | F34: =((ACCIDENTES!C34+ACCIDENTES!H34)/(HH!F34+HH!J34))*1000000 -> 0 | G34: =((ACCIDENTES!D34+ACCIDENTES!I34)/(HH!F34+HH!J34))*1000000 -> 0 | H34: =((ACCIDENTES!F34+ACCIDENTES!K34)/(HH!F34+HH!J34))*1000000 -> 0 | I34: =((ACCIDENTES!C34+ACCIDENTES!H34+ACCIDENTES!M34)/(HH!F34+HH!J34+HH!N34))*1000000 -> 0 | J34: =((ACCIDENTES!D34+ACCIDENTES!I34+ACCIDENTES!N34)/(HH!F34+HH!J34+HH!N34))*1000000 -> 0 | K34: =((ACCIDENTES!F34+ACCIDENTES!K34+ACCIDENTES!P34)/(HH!J34+HH!N34+HH!F34))*1000000 -> 0 | L34: =((ACCIDENTES!C34+ACCIDENTES!H34+ACCIDENTES!M34+ACCIDENTES!R34)/(HH!F34+HH!J34+HH!N34+HH!R34))*1000000 -> 0 | M34: =((ACCIDENTES!D34+ACCIDENTES!I34+ACCIDENTES!N34+ACCIDENTES!S34)/(HH!F34+HH!J34+HH!N34+HH!R34))*1000000 -> 0 | N34: =((ACCIDENTES!F34+ACCIDENTES!K34+ACCIDENTES!P34+ACCIDENTES!U34)/(HH!F34+HH!J34+HH!N34+HH!R34))*1000000 -> 0 | O34: =((ACCIDENTES!C34+ACCIDENTES!H34+ACCIDENTES!M34+ACCIDENTES!R34+ACCIDENTES!W34)/(HH!F34+HH!J34+HH!N34+HH!R34+HH!V34))*1000000 -> 0 | P34: =(((ACCIDENTES!D34+ACCIDENTES!I34+ACCIDENTES!N34+ACCIDENTES!S34+ACCIDENTES!X34)/(HH!F34+HH!J34+HH!N34+HH!R34+HH!V34))*1000000) -> 0 | Q34: =((ACCIDENTES!F34+ACCIDENTES!K34+ACCIDENTES!P34+ACCIDENTES!U34+ACCIDENTES!Z34)/(HH!F34+HH!J34+HH!N34+HH!R34+HH!V34))*1000000 -> 0 | R34: =(ACCIDENTES!C34+ACCIDENTES!H34+ACCIDENTES!M34+ACCIDENTES!R34+ACCIDENTES!W34+ACCIDENTES!AB34)*1000000/(HH!F34+HH!J34+HH!N34+HH!R34+HH!V34+HH!Z34) -> 0 | S34: =(ACCIDENTES!D34+ACCIDENTES!I34+ACCIDENTES!N34+ACCIDENTES!S34+ACCIDENTES!X34+ACCIDENTES!AC34)*1000000/(HH!F34+HH!J34+HH!N34+HH!R34+HH!V34+HH!Z34) -> 0 | T34: =(ACCIDENTES!F34+ACCIDENTES!K34+ACCIDENTES!P34+ACCIDENTES!U34+ACCIDENTES!Z34+ACCIDENTES!AE34)*1000000/(HH!F34+HH!J34+HH!N34+HH!R34+HH!V34+HH!Z34) -> 0 | U34: =((ACCIDENTES!C34+ACCIDENTES!H34+ACCIDENTES!M34+ACCIDENTES!R34+ACCIDENTES!W34+ACCIDENTES!AB34+ACCIDENTES!AG34)/(HH!F34+HH!J34+HH!N34+HH!R34+HH!V34+HH!Z34+HH!AD34))*1000000 -> 0 | V34: =((ACCIDENTES!D34+ACCIDENTES!I34+ACCIDENTES!N34+ACCIDENTES!S34+ACCIDENTES!X34+ACCIDENTES!AC34+ACCIDENTES!AH34)/(HH!F34+HH!J34+HH!N34+HH!R34+HH!V34+HH!Z34+HH!AD34))*1000000 -> 0 | W34: =((ACCIDENTES!F34+ACCIDENTES!K34+ACCIDENTES!P34+ACCIDENTES!U34+ACCIDENTES!Z34+ACCIDENTES!AE34+ACCIDENTES!AJ34)/(HH!F34+HH!J34+HH!N34+HH!R34+HH!V34+HH!Z34+HH!AD34))*1000000 -> 0 | X34: =((ACCIDENTES!C34+ACCIDENTES!H34+ACCIDENTES!M34+ACCIDENTES!R34+ACCIDENTES!W34+ACCIDENTES!AB34+ACCIDENTES!AG34+ACCIDENTES!AL34)/(HH!F34+HH!J34+HH!N34+HH!R34+HH!V34+HH!Z34+HH!AD34+HH!AH34))*1000000 -> 0 | Y34: =((ACCIDENTES!D34+ACCIDENTES!I34+ACCIDENTES!N34+ACCIDENTES!S34+ACCIDENTES!X34+ACCIDENTES!AC34+ACCIDENTES!AH34+ACCIDENTES!AM34)/(HH!F34+HH!J34+HH!N34+HH!R34+HH!V34+HH!Z34+HH!AD34+HH!AH34))*1000000 -> 0 | Z34: =((ACCIDENTES!F34+ACCIDENTES!K34+ACCIDENTES!P34+ACCIDENTES!U34+ACCIDENTES!Z34+ACCIDENTES!AE34+ACCIDENTES!AJ34+ACCIDENTES!AO34)/(HH!F34+HH!J34+HH!N34+HH!R34+HH!V34+HH!Z34+HH!AD34+HH!AH34))*1000000 -> 0 | AA34: =((ACCIDENTES!AQ34+ACCIDENTES!AL34+ACCIDENTES!AG34+ACCIDENTES!AB34+ACCIDENTES!W34+ACCIDENTES!R34+ACCIDENTES!M34+ACCIDENTES!H34+ACCIDENTES!C34)/(HH!AL34+HH!AH34+HH!AD34+HH!Z34+HH!V34+HH!R34+HH!N34+HH!J34+HH!F34))*1000000 -> 0 | AB34: =((ACCIDENTES!AR34+ACCIDENTES!AM34+ACCIDENTES!AH34+ACCIDENTES!AC34+ACCIDENTES!X34+ACCIDENTES!S34+ACCIDENTES!N34+ACCIDENTES!I34+ACCIDENTES!D34)/(HH!AL34+HH!AH34+HH!AD34+HH!Z34+HH!V34+HH!R34+HH!N34+HH!J34+HH!F34))*1000000 -> 0 | AC34: =((ACCIDENTES!F34+ACCIDENTES!K34+ACCIDENTES!P34+ACCIDENTES!U34+ACCIDENTES!Z34+ACCIDENTES!AE34+ACCIDENTES!AJ34+ACCIDENTES!AO34+ACCIDENTES!AT34)/(HH!F34+HH!J34+HH!N34+HH!R34+HH!V34+HH!Z34+HH!AD34+HH!AH34+HH!AL34))*1000000 -> 0 | AD34: =((ACCIDENTES!AV34+ACCIDENTES!AQ34+ACCIDENTES!AL34+ACCIDENTES!AG34+ACCIDENTES!AB34+ACCIDENTES!W34+ACCIDENTES!R34+ACCIDENTES!M34+ACCIDENTES!H34+ACCIDENTES!C34)/(HH!F34+HH!J34+HH!N34+HH!R34+HH!V34+HH!Z34+HH!AD34+HH!AH34+HH!AL34+HH!AP34))*1000000 -> 0 | AE34: =((ACCIDENTES!D34+ACCIDENTES!I34+ACCIDENTES!N34+ACCIDENTES!S34+ACCIDENTES!X34+ACCIDENTES!AC34+ACCIDENTES!AH34+ACCIDENTES!AM34+ACCIDENTES!AR34+ACCIDENTES!AW34)/(HH!AP34+HH!AL34+HH!AH34+HH!AD34+HH!Z34+HH!V34+HH!R34+HH!N34+HH!J34+HH!F34))*1000000 -> 0 | AF34: =((ACCIDENTES!AY34+ACCIDENTES!AT34+ACCIDENTES!AO34+ACCIDENTES!AJ34+ACCIDENTES!AE34+ACCIDENTES!Z34+ACCIDENTES!U34+ACCIDENTES!P34+ACCIDENTES!K34+ACCIDENTES!F34)/(HH!F34+HH!J34+HH!N34+HH!R34+HH!V34+HH!Z34+HH!AD34+HH!AH34+HH!AL34+HH!AP34))*1000000 -> 0 | AG34: =((ACCIDENTES!BA34+ACCIDENTES!AV34+ACCIDENTES!AQ34+ACCIDENTES!AL34+ACCIDENTES!AG34+ACCIDENTES!AB34+ACCIDENTES!W34+ACCIDENTES!R34+ACCIDENTES!M34+ACCIDENTES!H34+ACCIDENTES!C34)/(HH!AT34+HH!AP34+HH!AL34+HH!AH34+HH!AD34+HH!Z34+HH!V34+HH!R34+HH!N34+HH!J34+HH!F34))*1000000 -> 0 | AH34: =((ACCIDENTES!D34+ACCIDENTES!I34+ACCIDENTES!N34+ACCIDENTES!S34+ACCIDENTES!X34+ACCIDENTES!AC34+ACCIDENTES!AH34+ACCIDENTES!AM34+ACCIDENTES!AR34+ACCIDENTES!AW34+ACCIDENTES!BB34)/(HH!F34+HH!J34+HH!N34+HH!R34+HH!V34+HH!Z34+HH!AD34+HH!AH34+HH!AL34+HH!AP34+HH!AT34))*1000000 -> 0 | AI34: =((ACCIDENTES!BD34+ACCIDENTES!AY34+ACCIDENTES!AT34+ACCIDENTES!AO34+ACCIDENTES!AJ34+ACCIDENTES!AE34+ACCIDENTES!Z34+ACCIDENTES!U34+ACCIDENTES!P34+ACCIDENTES!K34+ACCIDENTES!F34)/(HH!F34+HH!J34+HH!N34+HH!R34+HH!V34+HH!Z34+HH!AD34+HH!AH34+HH!AL34+HH!AP34+HH!AT34))*1000000 -> 0 | AJ34: =(ACCIDENTES!BK34/HH!BB34)*1000000 -> 0 | AK34: =(ACCIDENTES!BL34/HH!BB34)*1000000 -> 0 | AL34: =(ACCIDENTES!BN34/HH!BB34)*1000000 -> 0 | AN34: =AW34 -> 0 | AO34: =BA34 -> 0
A35: ALICORP SAA | B35: ALMACEN INSUMOS-ENVASES - MFA | C35: =(ACCIDENTES!C35/HH!F35)*1000000 -> 0 | D35: =(ACCIDENTES!D35/HH!F35)*1000000 -> 0 | E35: =(ACCIDENTES!F35/HH!F35)*1000000 -> 0 | F35: =((ACCIDENTES!C35+ACCIDENTES!H35)/(HH!F35+HH!J35))*1000000 -> 0 | G35: =((ACCIDENTES!D35+ACCIDENTES!I35)/(HH!F35+HH!J35))*1000000 -> 0 | H35: =((ACCIDENTES!F35+ACCIDENTES!K35)/(HH!F35+HH!J35))*1000000 -> 0 | I35: =((ACCIDENTES!C35+ACCIDENTES!H35+ACCIDENTES!M35)/(HH!F35+HH!J35+HH!N35))*1000000 -> 0 | J35: =((ACCIDENTES!D35+ACCIDENTES!I35+ACCIDENTES!N35)/(HH!F35+HH!J35+HH!N35))*1000000 -> 0 | K35: =((ACCIDENTES!F35+ACCIDENTES!K35+ACCIDENTES!P35)/(HH!J35+HH!N35+HH!F35))*1000000 -> 0 | L35: =((ACCIDENTES!C35+ACCIDENTES!H35+ACCIDENTES!M35+ACCIDENTES!R35)/(HH!F35+HH!J35+HH!N35+HH!R35))*1000000 -> 0 | M35: =((ACCIDENTES!D35+ACCIDENTES!I35+ACCIDENTES!N35+ACCIDENTES!S35)/(HH!F35+HH!J35+HH!N35+HH!R35))*1000000 -> 0 | N35: =((ACCIDENTES!F35+ACCIDENTES!K35+ACCIDENTES!P35+ACCIDENTES!U35)/(HH!F35+HH!J35+HH!N35+HH!R35))*1000000 -> 0 | O35: =((ACCIDENTES!C35+ACCIDENTES!H35+ACCIDENTES!M35+ACCIDENTES!R35+ACCIDENTES!W35)/(HH!F35+HH!J35+HH!N35+HH!R35+HH!V35))*1000000 -> 0 | P35: =(((ACCIDENTES!D35+ACCIDENTES!I35+ACCIDENTES!N35+ACCIDENTES!S35+ACCIDENTES!X35)/(HH!F35+HH!J35+HH!N35+HH!R35+HH!V35))*1000000) -> 0 | Q35: =((ACCIDENTES!F35+ACCIDENTES!K35+ACCIDENTES!P35+ACCIDENTES!U35+ACCIDENTES!Z35)/(HH!F35+HH!J35+HH!N35+HH!R35+HH!V35))*1000000 -> 0 | R35: =(ACCIDENTES!C35+ACCIDENTES!H35+ACCIDENTES!M35+ACCIDENTES!R35+ACCIDENTES!W35+ACCIDENTES!AB35)*1000000/(HH!F35+HH!J35+HH!N35+HH!R35+HH!V35+HH!Z35) -> 0 | S35: =(ACCIDENTES!D35+ACCIDENTES!I35+ACCIDENTES!N35+ACCIDENTES!S35+ACCIDENTES!X35+ACCIDENTES!AC35)*1000000/(HH!F35+HH!J35+HH!N35+HH!R35+HH!V35+HH!Z35) -> 0 | T35: =(ACCIDENTES!F35+ACCIDENTES!K35+ACCIDENTES!P35+ACCIDENTES!U35+ACCIDENTES!Z35+ACCIDENTES!AE35)*1000000/(HH!F35+HH!J35+HH!N35+HH!R35+HH!V35+HH!Z35) -> 0 | U35: =((ACCIDENTES!C35+ACCIDENTES!H35+ACCIDENTES!M35+ACCIDENTES!R35+ACCIDENTES!W35+ACCIDENTES!AB35+ACCIDENTES!AG35)/(HH!F35+HH!J35+HH!N35+HH!R35+HH!V35+HH!Z35+HH!AD35))*1000000 -> 0 | V35: =((ACCIDENTES!D35+ACCIDENTES!I35+ACCIDENTES!N35+ACCIDENTES!S35+ACCIDENTES!X35+ACCIDENTES!AC35+ACCIDENTES!AH35)/(HH!F35+HH!J35+HH!N35+HH!R35+HH!V35+HH!Z35+HH!AD35))*1000000 -> 0 | W35: =((ACCIDENTES!F35+ACCIDENTES!K35+ACCIDENTES!P35+ACCIDENTES!U35+ACCIDENTES!Z35+ACCIDENTES!AE35+ACCIDENTES!AJ35)/(HH!F35+HH!J35+HH!N35+HH!R35+HH!V35+HH!Z35+HH!AD35))*1000000 -> 0 | X35: =((ACCIDENTES!C35+ACCIDENTES!H35+ACCIDENTES!M35+ACCIDENTES!R35+ACCIDENTES!W35+ACCIDENTES!AB35+ACCIDENTES!AG35+ACCIDENTES!AL35)/(HH!F35+HH!J35+HH!N35+HH!R35+HH!V35+HH!Z35+HH!AD35+HH!AH35))*1000000 -> 0 | Y35: =((ACCIDENTES!D35+ACCIDENTES!I35+ACCIDENTES!N35+ACCIDENTES!S35+ACCIDENTES!X35+ACCIDENTES!AC35+ACCIDENTES!AH35+ACCIDENTES!AM35)/(HH!F35+HH!J35+HH!N35+HH!R35+HH!V35+HH!Z35+HH!AD35+HH!AH35))*1000000 -> 0 | Z35: =((ACCIDENTES!F35+ACCIDENTES!K35+ACCIDENTES!P35+ACCIDENTES!U35+ACCIDENTES!Z35+ACCIDENTES!AE35+ACCIDENTES!AJ35+ACCIDENTES!AO35)/(HH!F35+HH!J35+HH!N35+HH!R35+HH!V35+HH!Z35+HH!AD35+HH!AH35))*1000000 -> 0 | AA35: =((ACCIDENTES!AQ35+ACCIDENTES!AL35+ACCIDENTES!AG35+ACCIDENTES!AB35+ACCIDENTES!W35+ACCIDENTES!R35+ACCIDENTES!M35+ACCIDENTES!H35+ACCIDENTES!C35)/(HH!AL35+HH!AH35+HH!AD35+HH!Z35+HH!V35+HH!R35+HH!N35+HH!J35+HH!F35))*1000000 -> 0 | AB35: =((ACCIDENTES!AR35+ACCIDENTES!AM35+ACCIDENTES!AH35+ACCIDENTES!AC35+ACCIDENTES!X35+ACCIDENTES!S35+ACCIDENTES!N35+ACCIDENTES!I35+ACCIDENTES!D35)/(HH!AL35+HH!AH35+HH!AD35+HH!Z35+HH!V35+HH!R35+HH!N35+HH!J35+HH!F35))*1000000 -> 0 | AC35: =((ACCIDENTES!F35+ACCIDENTES!K35+ACCIDENTES!P35+ACCIDENTES!U35+ACCIDENTES!Z35+ACCIDENTES!AE35+ACCIDENTES!AJ35+ACCIDENTES!AO35+ACCIDENTES!AT35)/(HH!F35+HH!J35+HH!N35+HH!R35+HH!V35+HH!Z35+HH!AD35+HH!AH35+HH!AL35))*1000000 -> 0 | AD35: =((ACCIDENTES!AV35+ACCIDENTES!AQ35+ACCIDENTES!AL35+ACCIDENTES!AG35+ACCIDENTES!AB35+ACCIDENTES!W35+ACCIDENTES!R35+ACCIDENTES!M35+ACCIDENTES!H35+ACCIDENTES!C35)/(HH!F35+HH!J35+HH!N35+HH!R35+HH!V35+HH!Z35+HH!AD35+HH!AH35+HH!AL35+HH!AP35))*1000000 -> 0 | AE35: =((ACCIDENTES!D35+ACCIDENTES!I35+ACCIDENTES!N35+ACCIDENTES!S35+ACCIDENTES!X35+ACCIDENTES!AC35+ACCIDENTES!AH35+ACCIDENTES!AM35+ACCIDENTES!AR35+ACCIDENTES!AW35)/(HH!AP35+HH!AL35+HH!AH35+HH!AD35+HH!Z35+HH!V35+HH!R35+HH!N35+HH!J35+HH!F35))*1000000 -> 0 | AF35: =((ACCIDENTES!AY35+ACCIDENTES!AT35+ACCIDENTES!AO35+ACCIDENTES!AJ35+ACCIDENTES!AE35+ACCIDENTES!Z35+ACCIDENTES!U35+ACCIDENTES!P35+ACCIDENTES!K35+ACCIDENTES!F35)/(HH!F35+HH!J35+HH!N35+HH!R35+HH!V35+HH!Z35+HH!AD35+HH!AH35+HH!AL35+HH!AP35))*1000000 -> 0 | AG35: =((ACCIDENTES!BA35+ACCIDENTES!AV35+ACCIDENTES!AQ35+ACCIDENTES!AL35+ACCIDENTES!AG35+ACCIDENTES!AB35+ACCIDENTES!W35+ACCIDENTES!R35+ACCIDENTES!M35+ACCIDENTES!H35+ACCIDENTES!C35)/(HH!AT35+HH!AP35+HH!AL35+HH!AH35+HH!AD35+HH!Z35+HH!V35+HH!R35+HH!N35+HH!J35+HH!F35))*1000000 -> 0 | AH35: =((ACCIDENTES!D35+ACCIDENTES!I35+ACCIDENTES!N35+ACCIDENTES!S35+ACCIDENTES!X35+ACCIDENTES!AC35+ACCIDENTES!AH35+ACCIDENTES!AM35+ACCIDENTES!AR35+ACCIDENTES!AW35+ACCIDENTES!BB35)/(HH!F35+HH!J35+HH!N35+HH!R35+HH!V35+HH!Z35+HH!AD35+HH!AH35+HH!AL35+HH!AP35+HH!AT35))*1000000 -> 0 | AI35: =((ACCIDENTES!BD35+ACCIDENTES!AY35+ACCIDENTES!AT35+ACCIDENTES!AO35+ACCIDENTES!AJ35+ACCIDENTES!AE35+ACCIDENTES!Z35+ACCIDENTES!U35+ACCIDENTES!P35+ACCIDENTES!K35+ACCIDENTES!F35)/(HH!F35+HH!J35+HH!N35+HH!R35+HH!V35+HH!Z35+HH!AD35+HH!AH35+HH!AL35+HH!AP35+HH!AT35))*1000000 -> 0 | AJ35: =(ACCIDENTES!BK35/HH!BB35)*1000000 -> 0 | AK35: =(ACCIDENTES!BL35/HH!BB35)*1000000 -> 0 | AL35: =(ACCIDENTES!BN35/HH!BB35)*1000000 -> 0 | AN35: =AW35 -> 0 | AO35: =BA35 -> 0
A36: ALICORP SAA | B36: ALMACEN INSUMOS-ENVASES - F. LIMA | C36: =(ACCIDENTES!C36/HH!F36)*1000000 -> 0 | D36: =(ACCIDENTES!D36/HH!F36)*1000000 -> 0 | E36: =(ACCIDENTES!F36/HH!F36)*1000000 -> 0 | F36: =((ACCIDENTES!C36+ACCIDENTES!H36)/(HH!F36+HH!J36))*1000000 -> 0 | G36: =((ACCIDENTES!D36+ACCIDENTES!I36)/(HH!F36+HH!J36))*1000000 -> 0 | H36: =((ACCIDENTES!F36+ACCIDENTES!K36)/(HH!F36+HH!J36))*1000000 -> 0 | I36: =((ACCIDENTES!C36+ACCIDENTES!H36+ACCIDENTES!M36)/(HH!F36+HH!J36+HH!N36))*1000000 -> 0 | J36: =((ACCIDENTES!D36+ACCIDENTES!I36+ACCIDENTES!N36)/(HH!F36+HH!J36+HH!N36))*1000000 -> 0 | K36: =((ACCIDENTES!F36+ACCIDENTES!K36+ACCIDENTES!P36)/(HH!J36+HH!N36+HH!F36))*1000000 -> 0 | L36: =((ACCIDENTES!C36+ACCIDENTES!H36+ACCIDENTES!M36+ACCIDENTES!R36)/(HH!F36+HH!J36+HH!N36+HH!R36))*1000000 -> 0 | M36: =((ACCIDENTES!D36+ACCIDENTES!I36+ACCIDENTES!N36+ACCIDENTES!S36)/(HH!F36+HH!J36+HH!N36+HH!R36))*1000000 -> 0 | N36: =((ACCIDENTES!F36+ACCIDENTES!K36+ACCIDENTES!P36+ACCIDENTES!U36)/(HH!F36+HH!J36+HH!N36+HH!R36))*1000000 -> 0 | O36: =((ACCIDENTES!C36+ACCIDENTES!H36+ACCIDENTES!M36+ACCIDENTES!R36+ACCIDENTES!W36)/(HH!F36+HH!J36+HH!N36+HH!R36+HH!V36))*1000000 -> 0 | P36: =(((ACCIDENTES!D36+ACCIDENTES!I36+ACCIDENTES!N36+ACCIDENTES!S36+ACCIDENTES!X36)/(HH!F36+HH!J36+HH!N36+HH!R36+HH!V36))*1000000) -> 0 | Q36: =((ACCIDENTES!F36+ACCIDENTES!K36+ACCIDENTES!P36+ACCIDENTES!U36+ACCIDENTES!Z36)/(HH!F36+HH!J36+HH!N36+HH!R36+HH!V36))*1000000 -> 0 | R36: =(ACCIDENTES!C36+ACCIDENTES!H36+ACCIDENTES!M36+ACCIDENTES!R36+ACCIDENTES!W36+ACCIDENTES!AB36)*1000000/(HH!F36+HH!J36+HH!N36+HH!R36+HH!V36+HH!Z36) -> 0 | S36: =(ACCIDENTES!D36+ACCIDENTES!I36+ACCIDENTES!N36+ACCIDENTES!S36+ACCIDENTES!X36+ACCIDENTES!AC36)*1000000/(HH!F36+HH!J36+HH!N36+HH!R36+HH!V36+HH!Z36) -> 0 | T36: =(ACCIDENTES!F36+ACCIDENTES!K36+ACCIDENTES!P36+ACCIDENTES!U36+ACCIDENTES!Z36+ACCIDENTES!AE36)*1000000/(HH!F36+HH!J36+HH!N36+HH!R36+HH!V36+HH!Z36) -> 0 | U36: =((ACCIDENTES!C36+ACCIDENTES!H36+ACCIDENTES!M36+ACCIDENTES!R36+ACCIDENTES!W36+ACCIDENTES!AB36+ACCIDENTES!AG36)/(HH!F36+HH!J36+HH!N36+HH!R36+HH!V36+HH!Z36+HH!AD36))*1000000 -> 0 | V36: =((ACCIDENTES!D36+ACCIDENTES!I36+ACCIDENTES!N36+ACCIDENTES!S36+ACCIDENTES!X36+ACCIDENTES!AC36+ACCIDENTES!AH36)/(HH!F36+HH!J36+HH!N36+HH!R36+HH!V36+HH!Z36+HH!AD36))*1000000 -> 0 | W36: =((ACCIDENTES!F36+ACCIDENTES!K36+ACCIDENTES!P36+ACCIDENTES!U36+ACCIDENTES!Z36+ACCIDENTES!AE36+ACCIDENTES!AJ36)/(HH!F36+HH!J36+HH!N36+HH!R36+HH!V36+HH!Z36+HH!AD36))*1000000 -> 0 | X36: =((ACCIDENTES!C36+ACCIDENTES!H36+ACCIDENTES!M36+ACCIDENTES!R36+ACCIDENTES!W36+ACCIDENTES!AB36+ACCIDENTES!AG36+ACCIDENTES!AL36)/(HH!F36+HH!J36+HH!N36+HH!R36+HH!V36+HH!Z36+HH!AD36+HH!AH36))*1000000 -> 0 | Y36: =((ACCIDENTES!D36+ACCIDENTES!I36+ACCIDENTES!N36+ACCIDENTES!S36+ACCIDENTES!X36+ACCIDENTES!AC36+ACCIDENTES!AH36+ACCIDENTES!AM36)/(HH!F36+HH!J36+HH!N36+HH!R36+HH!V36+HH!Z36+HH!AD36+HH!AH36))*1000000 -> 0 | Z36: =((ACCIDENTES!F36+ACCIDENTES!K36+ACCIDENTES!P36+ACCIDENTES!U36+ACCIDENTES!Z36+ACCIDENTES!AE36+ACCIDENTES!AJ36+ACCIDENTES!AO36)/(HH!F36+HH!J36+HH!N36+HH!R36+HH!V36+HH!Z36+HH!AD36+HH!AH36))*1000000 -> 0 | AA36: =((ACCIDENTES!AQ36+ACCIDENTES!AL36+ACCIDENTES!AG36+ACCIDENTES!AB36+ACCIDENTES!W36+ACCIDENTES!R36+ACCIDENTES!M36+ACCIDENTES!H36+ACCIDENTES!C36)/(HH!AL36+HH!AH36+HH!AD36+HH!Z36+HH!V36+HH!R36+HH!N36+HH!J36+HH!F36))*1000000 -> 0 | AB36: =((ACCIDENTES!AR36+ACCIDENTES!AM36+ACCIDENTES!AH36+ACCIDENTES!AC36+ACCIDENTES!X36+ACCIDENTES!S36+ACCIDENTES!N36+ACCIDENTES!I36+ACCIDENTES!D36)/(HH!AL36+HH!AH36+HH!AD36+HH!Z36+HH!V36+HH!R36+HH!N36+HH!J36+HH!F36))*1000000 -> 0 | AC36: =((ACCIDENTES!F36+ACCIDENTES!K36+ACCIDENTES!P36+ACCIDENTES!U36+ACCIDENTES!Z36+ACCIDENTES!AE36+ACCIDENTES!AJ36+ACCIDENTES!AO36+ACCIDENTES!AT36)/(HH!F36+HH!J36+HH!N36+HH!R36+HH!V36+HH!Z36+HH!AD36+HH!AH36+HH!AL36))*1000000 -> 0 | AD36: =((ACCIDENTES!AV36+ACCIDENTES!AQ36+ACCIDENTES!AL36+ACCIDENTES!AG36+ACCIDENTES!AB36+ACCIDENTES!W36+ACCIDENTES!R36+ACCIDENTES!M36+ACCIDENTES!H36+ACCIDENTES!C36)/(HH!F36+HH!J36+HH!N36+HH!R36+HH!V36+HH!Z36+HH!AD36+HH!AH36+HH!AL36+HH!AP36))*1000000 -> 0 | AE36: =((ACCIDENTES!D36+ACCIDENTES!I36+ACCIDENTES!N36+ACCIDENTES!S36+ACCIDENTES!X36+ACCIDENTES!AC36+ACCIDENTES!AH36+ACCIDENTES!AM36+ACCIDENTES!AR36+ACCIDENTES!AW36)/(HH!AP36+HH!AL36+HH!AH36+HH!AD36+HH!Z36+HH!V36+HH!R36+HH!N36+HH!J36+HH!F36))*1000000 -> 0 | AF36: =((ACCIDENTES!AY36+ACCIDENTES!AT36+ACCIDENTES!AO36+ACCIDENTES!AJ36+ACCIDENTES!AE36+ACCIDENTES!Z36+ACCIDENTES!U36+ACCIDENTES!P36+ACCIDENTES!K36+ACCIDENTES!F36)/(HH!F36+HH!J36+HH!N36+HH!R36+HH!V36+HH!Z36+HH!AD36+HH!AH36+HH!AL36+HH!AP36))*1000000 -> 0 | AG36: =((ACCIDENTES!BA36+ACCIDENTES!AV36+ACCIDENTES!AQ36+ACCIDENTES!AL36+ACCIDENTES!AG36+ACCIDENTES!AB36+ACCIDENTES!W36+ACCIDENTES!R36+ACCIDENTES!M36+ACCIDENTES!H36+ACCIDENTES!C36)/(HH!AT36+HH!AP36+HH!AL36+HH!AH36+HH!AD36+HH!Z36+HH!V36+HH!R36+HH!N36+HH!J36+HH!F36))*1000000 -> 0 | AH36: =((ACCIDENTES!D36+ACCIDENTES!I36+ACCIDENTES!N36+ACCIDENTES!S36+ACCIDENTES!X36+ACCIDENTES!AC36+ACCIDENTES!AH36+ACCIDENTES!AM36+ACCIDENTES!AR36+ACCIDENTES!AW36+ACCIDENTES!BB36)/(HH!F36+HH!J36+HH!N36+HH!R36+HH!V36+HH!Z36+HH!AD36+HH!AH36+HH!AL36+HH!AP36+HH!AT36))*1000000 -> 0 | AI36: =((ACCIDENTES!BD36+ACCIDENTES!AY36+ACCIDENTES!AT36+ACCIDENTES!AO36+ACCIDENTES!AJ36+ACCIDENTES!AE36+ACCIDENTES!Z36+ACCIDENTES!U36+ACCIDENTES!P36+ACCIDENTES!K36+ACCIDENTES!F36)/(HH!F36+HH!J36+HH!N36+HH!R36+HH!V36+HH!Z36+HH!AD36+HH!AH36+HH!AL36+HH!AP36+HH!AT36))*1000000 -> 0 | AJ36: =(ACCIDENTES!BK36/HH!BB36)*1000000 -> 0 | AK36: =(ACCIDENTES!BL36/HH!BB36)*1000000 -> 0 | AL36: =(ACCIDENTES!BN36/HH!BB36)*1000000 -> 0 | AN36: =AW36 -> 0 | AO36: =BA36 -> 0
A37: ALICORP SAA | B37: ALMACEN INSUMOS-ENVASES - GALLETAS | C37: =(ACCIDENTES!C37/HH!F37)*1000000 -> 0 | D37: =(ACCIDENTES!D37/HH!F37)*1000000 -> 0 | E37: =(ACCIDENTES!F37/HH!F37)*1000000 -> 0 | F37: =((ACCIDENTES!C37+ACCIDENTES!H37)/(HH!F37+HH!J37))*1000000 -> 0 | G37: =((ACCIDENTES!D37+ACCIDENTES!I37)/(HH!F37+HH!J37))*1000000 -> 0 | H37: =((ACCIDENTES!F37+ACCIDENTES!K37)/(HH!F37+HH!J37))*1000000 -> 0 | I37: =((ACCIDENTES!C37+ACCIDENTES!H37+ACCIDENTES!M37)/(HH!F37+HH!J37+HH!N37))*1000000 -> 0 | J37: =((ACCIDENTES!D37+ACCIDENTES!I37+ACCIDENTES!N37)/(HH!F37+HH!J37+HH!N37))*1000000 -> 0 | K37: =((ACCIDENTES!F37+ACCIDENTES!K37+ACCIDENTES!P37)/(HH!J37+HH!N37+HH!F37))*1000000 -> 0 | L37: =((ACCIDENTES!C37+ACCIDENTES!H37+ACCIDENTES!M37+ACCIDENTES!R37)/(HH!F37+HH!J37+HH!N37+HH!R37))*1000000 -> 0 | M37: =((ACCIDENTES!D37+ACCIDENTES!I37+ACCIDENTES!N37+ACCIDENTES!S37)/(HH!F37+HH!J37+HH!N37+HH!R37))*1000000 -> 0 | N37: =((ACCIDENTES!F37+ACCIDENTES!K37+ACCIDENTES!P37+ACCIDENTES!U37)/(HH!F37+HH!J37+HH!N37+HH!R37))*1000000 -> 0 | O37: =((ACCIDENTES!C37+ACCIDENTES!H37+ACCIDENTES!M37+ACCIDENTES!R37+ACCIDENTES!W37)/(HH!F37+HH!J37+HH!N37+HH!R37+HH!V37))*1000000 -> 0 | P37: =(((ACCIDENTES!D37+ACCIDENTES!I37+ACCIDENTES!N37+ACCIDENTES!S37+ACCIDENTES!X37)/(HH!F37+HH!J37+HH!N37+HH!R37+HH!V37))*1000000) -> 0 | Q37: =((ACCIDENTES!F37+ACCIDENTES!K37+ACCIDENTES!P37+ACCIDENTES!U37+ACCIDENTES!Z37)/(HH!F37+HH!J37+HH!N37+HH!R37+HH!V37))*1000000 -> 0 | R37: =(ACCIDENTES!C37+ACCIDENTES!H37+ACCIDENTES!M37+ACCIDENTES!R37+ACCIDENTES!W37+ACCIDENTES!AB37)*1000000/(HH!F37+HH!J37+HH!N37+HH!R37+HH!V37+HH!Z37) -> 0 | S37: =(ACCIDENTES!D37+ACCIDENTES!I37+ACCIDENTES!N37+ACCIDENTES!S37+ACCIDENTES!X37+ACCIDENTES!AC37)*1000000/(HH!F37+HH!J37+HH!N37+HH!R37+HH!V37+HH!Z37) -> 0 | T37: =(ACCIDENTES!F37+ACCIDENTES!K37+ACCIDENTES!P37+ACCIDENTES!U37+ACCIDENTES!Z37+ACCIDENTES!AE37)*1000000/(HH!F37+HH!J37+HH!N37+HH!R37+HH!V37+HH!Z37) -> 0 | U37: =((ACCIDENTES!C37+ACCIDENTES!H37+ACCIDENTES!M37+ACCIDENTES!R37+ACCIDENTES!W37+ACCIDENTES!AB37+ACCIDENTES!AG37)/(HH!F37+HH!J37+HH!N37+HH!R37+HH!V37+HH!Z37+HH!AD37))*1000000 -> 0 | V37: =((ACCIDENTES!D37+ACCIDENTES!I37+ACCIDENTES!N37+ACCIDENTES!S37+ACCIDENTES!X37+ACCIDENTES!AC37+ACCIDENTES!AH37)/(HH!F37+HH!J37+HH!N37+HH!R37+HH!V37+HH!Z37+HH!AD37))*1000000 -> 0 | W37: =((ACCIDENTES!F37+ACCIDENTES!K37+ACCIDENTES!P37+ACCIDENTES!U37+ACCIDENTES!Z37+ACCIDENTES!AE37+ACCIDENTES!AJ37)/(HH!F37+HH!J37+HH!N37+HH!R37+HH!V37+HH!Z37+HH!AD37))*1000000 -> 0 | X37: =((ACCIDENTES!C37+ACCIDENTES!H37+ACCIDENTES!M37+ACCIDENTES!R37+ACCIDENTES!W37+ACCIDENTES!AB37+ACCIDENTES!AG37+ACCIDENTES!AL37)/(HH!F37+HH!J37+HH!N37+HH!R37+HH!V37+HH!Z37+HH!AD37+HH!AH37))*1000000 -> 0 | Y37: =((ACCIDENTES!D37+ACCIDENTES!I37+ACCIDENTES!N37+ACCIDENTES!S37+ACCIDENTES!X37+ACCIDENTES!AC37+ACCIDENTES!AH37+ACCIDENTES!AM37)/(HH!F37+HH!J37+HH!N37+HH!R37+HH!V37+HH!Z37+HH!AD37+HH!AH37))*1000000 -> 0 | Z37: =((ACCIDENTES!F37+ACCIDENTES!K37+ACCIDENTES!P37+ACCIDENTES!U37+ACCIDENTES!Z37+ACCIDENTES!AE37+ACCIDENTES!AJ37+ACCIDENTES!AO37)/(HH!F37+HH!J37+HH!N37+HH!R37+HH!V37+HH!Z37+HH!AD37+HH!AH37))*1000000 -> 0 | AA37: =((ACCIDENTES!AQ37+ACCIDENTES!AL37+ACCIDENTES!AG37+ACCIDENTES!AB37+ACCIDENTES!W37+ACCIDENTES!R37+ACCIDENTES!M37+ACCIDENTES!H37+ACCIDENTES!C37)/(HH!AL37+HH!AH37+HH!AD37+HH!Z37+HH!V37+HH!R37+HH!N37+HH!J37+HH!F37))*1000000 -> 0 | AB37: =((ACCIDENTES!AR37+ACCIDENTES!AM37+ACCIDENTES!AH37+ACCIDENTES!AC37+ACCIDENTES!X37+ACCIDENTES!S37+ACCIDENTES!N37+ACCIDENTES!I37+ACCIDENTES!D37)/(HH!AL37+HH!AH37+HH!AD37+HH!Z37+HH!V37+HH!R37+HH!N37+HH!J37+HH!F37))*1000000 -> 0 | AC37: =((ACCIDENTES!F37+ACCIDENTES!K37+ACCIDENTES!P37+ACCIDENTES!U37+ACCIDENTES!Z37+ACCIDENTES!AE37+ACCIDENTES!AJ37+ACCIDENTES!AO37+ACCIDENTES!AT37)/(HH!F37+HH!J37+HH!N37+HH!R37+HH!V37+HH!Z37+HH!AD37+HH!AH37+HH!AL37))*1000000 -> 0 | AD37: =((ACCIDENTES!AV37+ACCIDENTES!AQ37+ACCIDENTES!AL37+ACCIDENTES!AG37+ACCIDENTES!AB37+ACCIDENTES!W37+ACCIDENTES!R37+ACCIDENTES!M37+ACCIDENTES!H37+ACCIDENTES!C37)/(HH!F37+HH!J37+HH!N37+HH!R37+HH!V37+HH!Z37+HH!AD37+HH!AH37+HH!AL37+HH!AP37))*1000000 -> 0 | AE37: =((ACCIDENTES!D37+ACCIDENTES!I37+ACCIDENTES!N37+ACCIDENTES!S37+ACCIDENTES!X37+ACCIDENTES!AC37+ACCIDENTES!AH37+ACCIDENTES!AM37+ACCIDENTES!AR37+ACCIDENTES!AW37)/(HH!AP37+HH!AL37+HH!AH37+HH!AD37+HH!Z37+HH!V37+HH!R37+HH!N37+HH!J37+HH!F37))*1000000 -> 0 | AF37: =((ACCIDENTES!AY37+ACCIDENTES!AT37+ACCIDENTES!AO37+ACCIDENTES!AJ37+ACCIDENTES!AE37+ACCIDENTES!Z37+ACCIDENTES!U37+ACCIDENTES!P37+ACCIDENTES!K37+ACCIDENTES!F37)/(HH!F37+HH!J37+HH!N37+HH!R37+HH!V37+HH!Z37+HH!AD37+HH!AH37+HH!AL37+HH!AP37))*1000000 -> 0 | AG37: =((ACCIDENTES!BA37+ACCIDENTES!AV37+ACCIDENTES!AQ37+ACCIDENTES!AL37+ACCIDENTES!AG37+ACCIDENTES!AB37+ACCIDENTES!W37+ACCIDENTES!R37+ACCIDENTES!M37+ACCIDENTES!H37+ACCIDENTES!C37)/(HH!AT37+HH!AP37+HH!AL37+HH!AH37+HH!AD37+HH!Z37+HH!V37+HH!R37+HH!N37+HH!J37+HH!F37))*1000000 -> 0 | AH37: =((ACCIDENTES!D37+ACCIDENTES!I37+ACCIDENTES!N37+ACCIDENTES!S37+ACCIDENTES!X37+ACCIDENTES!AC37+ACCIDENTES!AH37+ACCIDENTES!AM37+ACCIDENTES!AR37+ACCIDENTES!AW37+ACCIDENTES!BB37)/(HH!F37+HH!J37+HH!N37+HH!R37+HH!V37+HH!Z37+HH!AD37+HH!AH37+HH!AL37+HH!AP37+HH!AT37))*1000000 -> 0 | AI37: =((ACCIDENTES!BD37+ACCIDENTES!AY37+ACCIDENTES!AT37+ACCIDENTES!AO37+ACCIDENTES!AJ37+ACCIDENTES!AE37+ACCIDENTES!Z37+ACCIDENTES!U37+ACCIDENTES!P37+ACCIDENTES!K37+ACCIDENTES!F37)/(HH!F37+HH!J37+HH!N37+HH!R37+HH!V37+HH!Z37+HH!AD37+HH!AH37+HH!AL37+HH!AP37+HH!AT37))*1000000 -> 0 | AJ37: =(ACCIDENTES!BK37/HH!BB37)*1000000 -> 0 | AK37: =(ACCIDENTES!BL37/HH!BB37)*1000000 -> 0 | AL37: =(ACCIDENTES!BN37/HH!BB37)*1000000 -> 0 | AN37: =AW37 -> 0 | AO37: =BA37 -> 0
A38: ALICORP SAA | B38: ALMACEN INSUMOS-ENVASES - DETER | C38: =(ACCIDENTES!C38/HH!F38)*1000000 -> 0 | D38: =(ACCIDENTES!D38/HH!F38)*1000000 -> 0 | E38: =(ACCIDENTES!F38/HH!F38)*1000000 -> 0 | F38: =((ACCIDENTES!C38+ACCIDENTES!H38)/(HH!F38+HH!J38))*1000000 -> 0 | G38: =((ACCIDENTES!D38+ACCIDENTES!I38)/(HH!F38+HH!J38))*1000000 -> 0 | H38: =((ACCIDENTES!F38+ACCIDENTES!K38)/(HH!F38+HH!J38))*1000000 -> 0 | I38: =((ACCIDENTES!C38+ACCIDENTES!H38+ACCIDENTES!M38)/(HH!F38+HH!J38+HH!N38))*1000000 -> 0 | J38: =((ACCIDENTES!D38+ACCIDENTES!I38+ACCIDENTES!N38)/(HH!F38+HH!J38+HH!N38))*1000000 -> 0 | K38: =((ACCIDENTES!F38+ACCIDENTES!K38+ACCIDENTES!P38)/(HH!J38+HH!N38+HH!F38))*1000000 -> 0 | L38: =((ACCIDENTES!C38+ACCIDENTES!H38+ACCIDENTES!M38+ACCIDENTES!R38)/(HH!F38+HH!J38+HH!N38+HH!R38))*1000000 -> 0 | M38: =((ACCIDENTES!D38+ACCIDENTES!I38+ACCIDENTES!N38+ACCIDENTES!S38)/(HH!F38+HH!J38+HH!N38+HH!R38))*1000000 -> 0 | N38: =((ACCIDENTES!F38+ACCIDENTES!K38+ACCIDENTES!P38+ACCIDENTES!U38)/(HH!F38+HH!J38+HH!N38+HH!R38))*1000000 -> 0 | O38: =((ACCIDENTES!C38+ACCIDENTES!H38+ACCIDENTES!M38+ACCIDENTES!R38+ACCIDENTES!W38)/(HH!F38+HH!J38+HH!N38+HH!R38+HH!V38))*1000000 -> 0 | P38: =(((ACCIDENTES!D38+ACCIDENTES!I38+ACCIDENTES!N38+ACCIDENTES!S38+ACCIDENTES!X38)/(HH!F38+HH!J38+HH!N38+HH!R38+HH!V38))*1000000) -> 0 | Q38: =((ACCIDENTES!F38+ACCIDENTES!K38+ACCIDENTES!P38+ACCIDENTES!U38+ACCIDENTES!Z38)/(HH!F38+HH!J38+HH!N38+HH!R38+HH!V38))*1000000 -> 0 | R38: =(ACCIDENTES!C38+ACCIDENTES!H38+ACCIDENTES!M38+ACCIDENTES!R38+ACCIDENTES!W38+ACCIDENTES!AB38)*1000000/(HH!F38+HH!J38+HH!N38+HH!R38+HH!V38+HH!Z38) -> 0 | S38: =(ACCIDENTES!D38+ACCIDENTES!I38+ACCIDENTES!N38+ACCIDENTES!S38+ACCIDENTES!X38+ACCIDENTES!AC38)*1000000/(HH!F38+HH!J38+HH!N38+HH!R38+HH!V38+HH!Z38) -> 0 | T38: =(ACCIDENTES!F38+ACCIDENTES!K38+ACCIDENTES!P38+ACCIDENTES!U38+ACCIDENTES!Z38+ACCIDENTES!AE38)*1000000/(HH!F38+HH!J38+HH!N38+HH!R38+HH!V38+HH!Z38) -> 0 | U38: =((ACCIDENTES!C38+ACCIDENTES!H38+ACCIDENTES!M38+ACCIDENTES!R38+ACCIDENTES!W38+ACCIDENTES!AB38+ACCIDENTES!AG38)/(HH!F38+HH!J38+HH!N38+HH!R38+HH!V38+HH!Z38+HH!AD38))*1000000 -> 0 | V38: =((ACCIDENTES!D38+ACCIDENTES!I38+ACCIDENTES!N38+ACCIDENTES!S38+ACCIDENTES!X38+ACCIDENTES!AC38+ACCIDENTES!AH38)/(HH!F38+HH!J38+HH!N38+HH!R38+HH!V38+HH!Z38+HH!AD38))*1000000 -> 0 | W38: =((ACCIDENTES!F38+ACCIDENTES!K38+ACCIDENTES!P38+ACCIDENTES!U38+ACCIDENTES!Z38+ACCIDENTES!AE38+ACCIDENTES!AJ38)/(HH!F38+HH!J38+HH!N38+HH!R38+HH!V38+HH!Z38+HH!AD38))*1000000 -> 0 | X38: =((ACCIDENTES!C38+ACCIDENTES!H38+ACCIDENTES!M38+ACCIDENTES!R38+ACCIDENTES!W38+ACCIDENTES!AB38+ACCIDENTES!AG38+ACCIDENTES!AL38)/(HH!F38+HH!J38+HH!N38+HH!R38+HH!V38+HH!Z38+HH!AD38+HH!AH38))*1000000 -> 0 | Y38: =((ACCIDENTES!D38+ACCIDENTES!I38+ACCIDENTES!N38+ACCIDENTES!S38+ACCIDENTES!X38+ACCIDENTES!AC38+ACCIDENTES!AH38+ACCIDENTES!AM38)/(HH!F38+HH!J38+HH!N38+HH!R38+HH!V38+HH!Z38+HH!AD38+HH!AH38))*1000000 -> 0 | Z38: =((ACCIDENTES!F38+ACCIDENTES!K38+ACCIDENTES!P38+ACCIDENTES!U38+ACCIDENTES!Z38+ACCIDENTES!AE38+ACCIDENTES!AJ38+ACCIDENTES!AO38)/(HH!F38+HH!J38+HH!N38+HH!R38+HH!V38+HH!Z38+HH!AD38+HH!AH38))*1000000 -> 0 | AA38: =((ACCIDENTES!AQ38+ACCIDENTES!AL38+ACCIDENTES!AG38+ACCIDENTES!AB38+ACCIDENTES!W38+ACCIDENTES!R38+ACCIDENTES!M38+ACCIDENTES!H38+ACCIDENTES!C38)/(HH!AL38+HH!AH38+HH!AD38+HH!Z38+HH!V38+HH!R38+HH!N38+HH!J38+HH!F38))*1000000 -> 0 | AB38: =((ACCIDENTES!AR38+ACCIDENTES!AM38+ACCIDENTES!AH38+ACCIDENTES!AC38+ACCIDENTES!X38+ACCIDENTES!S38+ACCIDENTES!N38+ACCIDENTES!I38+ACCIDENTES!D38)/(HH!AL38+HH!AH38+HH!AD38+HH!Z38+HH!V38+HH!R38+HH!N38+HH!J38+HH!F38))*1000000 -> 0 | AC38: =((ACCIDENTES!F38+ACCIDENTES!K38+ACCIDENTES!P38+ACCIDENTES!U38+ACCIDENTES!Z38+ACCIDENTES!AE38+ACCIDENTES!AJ38+ACCIDENTES!AO38+ACCIDENTES!AT38)/(HH!F38+HH!J38+HH!N38+HH!R38+HH!V38+HH!Z38+HH!AD38+HH!AH38+HH!AL38))*1000000 -> 0 | AD38: =((ACCIDENTES!AV38+ACCIDENTES!AQ38+ACCIDENTES!AL38+ACCIDENTES!AG38+ACCIDENTES!AB38+ACCIDENTES!W38+ACCIDENTES!R38+ACCIDENTES!M38+ACCIDENTES!H38+ACCIDENTES!C38)/(HH!F38+HH!J38+HH!N38+HH!R38+HH!V38+HH!Z38+HH!AD38+HH!AH38+HH!AL38+HH!AP38))*1000000 -> 0 | AE38: =((ACCIDENTES!D38+ACCIDENTES!I38+ACCIDENTES!N38+ACCIDENTES!S38+ACCIDENTES!X38+ACCIDENTES!AC38+ACCIDENTES!AH38+ACCIDENTES!AM38+ACCIDENTES!AR38+ACCIDENTES!AW38)/(HH!AP38+HH!AL38+HH!AH38+HH!AD38+HH!Z38+HH!V38+HH!R38+HH!N38+HH!J38+HH!F38))*1000000 -> 0 | AF38: =((ACCIDENTES!AY38+ACCIDENTES!AT38+ACCIDENTES!AO38+ACCIDENTES!AJ38+ACCIDENTES!AE38+ACCIDENTES!Z38+ACCIDENTES!U38+ACCIDENTES!P38+ACCIDENTES!K38+ACCIDENTES!F38)/(HH!F38+HH!J38+HH!N38+HH!R38+HH!V38+HH!Z38+HH!AD38+HH!AH38+HH!AL38+HH!AP38))*1000000 -> 0 | AG38: =((ACCIDENTES!BA38+ACCIDENTES!AV38+ACCIDENTES!AQ38+ACCIDENTES!AL38+ACCIDENTES!AG38+ACCIDENTES!AB38+ACCIDENTES!W38+ACCIDENTES!R38+ACCIDENTES!M38+ACCIDENTES!H38+ACCIDENTES!C38)/(HH!AT38+HH!AP38+HH!AL38+HH!AH38+HH!AD38+HH!Z38+HH!V38+HH!R38+HH!N38+HH!J38+HH!F38))*1000000 -> 0 | AH38: =((ACCIDENTES!D38+ACCIDENTES!I38+ACCIDENTES!N38+ACCIDENTES!S38+ACCIDENTES!X38+ACCIDENTES!AC38+ACCIDENTES!AH38+ACCIDENTES!AM38+ACCIDENTES!AR38+ACCIDENTES!AW38+ACCIDENTES!BB38)/(HH!F38+HH!J38+HH!N38+HH!R38+HH!V38+HH!Z38+HH!AD38+HH!AH38+HH!AL38+HH!AP38+HH!AT38))*1000000 -> 0 | AI38: =((ACCIDENTES!BD38+ACCIDENTES!AY38+ACCIDENTES!AT38+ACCIDENTES!AO38+ACCIDENTES!AJ38+ACCIDENTES!AE38+ACCIDENTES!Z38+ACCIDENTES!U38+ACCIDENTES!P38+ACCIDENTES!K38+ACCIDENTES!F38)/(HH!F38+HH!J38+HH!N38+HH!R38+HH!V38+HH!Z38+HH!AD38+HH!AH38+HH!AL38+HH!AP38+HH!AT38))*1000000 -> 0 | AJ38: =(ACCIDENTES!BK38/HH!BB38)*1000000 -> 0 | AK38: =(ACCIDENTES!BL38/HH!BB38)*1000000 -> 0 | AL38: =(ACCIDENTES!BN38/HH!BB38)*1000000 -> 0 | AN38: =AW38 -> 0 | AO38: =BA38 -> 0
A39: ALICORP SAA | B39: ALMACEN INSUMOS-ENVASES - SIDSUR | C39: =(ACCIDENTES!C39/HH!F39)*1000000 -> 0 | D39: =(ACCIDENTES!D39/HH!F39)*1000000 -> 0 | E39: =(ACCIDENTES!F39/HH!F39)*1000000 -> 0 | F39: =((ACCIDENTES!C39+ACCIDENTES!H39)/(HH!F39+HH!J39))*1000000 -> 0 | G39: =((ACCIDENTES!D39+ACCIDENTES!I39)/(HH!F39+HH!J39))*1000000 -> 0 | H39: =((ACCIDENTES!F39+ACCIDENTES!K39)/(HH!F39+HH!J39))*1000000 -> 0 | I39: =((ACCIDENTES!C39+ACCIDENTES!H39+ACCIDENTES!M39)/(HH!F39+HH!J39+HH!N39))*1000000 -> 0 | J39: =((ACCIDENTES!D39+ACCIDENTES!I39+ACCIDENTES!N39)/(HH!F39+HH!J39+HH!N39))*1000000 -> 0 | K39: =((ACCIDENTES!F39+ACCIDENTES!K39+ACCIDENTES!P39)/(HH!J39+HH!N39+HH!F39))*1000000 -> 0 | L39: =((ACCIDENTES!C39+ACCIDENTES!H39+ACCIDENTES!M39+ACCIDENTES!R39)/(HH!F39+HH!J39+HH!N39+HH!R39))*1000000 -> 0 | M39: =((ACCIDENTES!D39+ACCIDENTES!I39+ACCIDENTES!N39+ACCIDENTES!S39)/(HH!F39+HH!J39+HH!N39+HH!R39))*1000000 -> 0 | N39: =((ACCIDENTES!F39+ACCIDENTES!K39+ACCIDENTES!P39+ACCIDENTES!U39)/(HH!F39+HH!J39+HH!N39+HH!R39))*1000000 -> 0 | O39: =((ACCIDENTES!C39+ACCIDENTES!H39+ACCIDENTES!M39+ACCIDENTES!R39+ACCIDENTES!W39)/(HH!F39+HH!J39+HH!N39+HH!R39+HH!V39))*1000000 -> 0 | P39: =(((ACCIDENTES!D39+ACCIDENTES!I39+ACCIDENTES!N39+ACCIDENTES!S39+ACCIDENTES!X39)/(HH!F39+HH!J39+HH!N39+HH!R39+HH!V39))*1000000) -> 0 | Q39: =((ACCIDENTES!F39+ACCIDENTES!K39+ACCIDENTES!P39+ACCIDENTES!U39+ACCIDENTES!Z39)/(HH!F39+HH!J39+HH!N39+HH!R39+HH!V39))*1000000 -> 0 | R39: =(ACCIDENTES!C39+ACCIDENTES!H39+ACCIDENTES!M39+ACCIDENTES!R39+ACCIDENTES!W39+ACCIDENTES!AB39)*1000000/(HH!F39+HH!J39+HH!N39+HH!R39+HH!V39+HH!Z39) -> 0 | S39: =(ACCIDENTES!D39+ACCIDENTES!I39+ACCIDENTES!N39+ACCIDENTES!S39+ACCIDENTES!X39+ACCIDENTES!AC39)*1000000/(HH!F39+HH!J39+HH!N39+HH!R39+HH!V39+HH!Z39) -> 0 | T39: =(ACCIDENTES!F39+ACCIDENTES!K39+ACCIDENTES!P39+ACCIDENTES!U39+ACCIDENTES!Z39+ACCIDENTES!AE39)*1000000/(HH!F39+HH!J39+HH!N39+HH!R39+HH!V39+HH!Z39) -> 0 | U39: =((ACCIDENTES!C39+ACCIDENTES!H39+ACCIDENTES!M39+ACCIDENTES!R39+ACCIDENTES!W39+ACCIDENTES!AB39+ACCIDENTES!AG39)/(HH!F39+HH!J39+HH!N39+HH!R39+HH!V39+HH!Z39+HH!AD39))*1000000 -> 0 | V39: =((ACCIDENTES!D39+ACCIDENTES!I39+ACCIDENTES!N39+ACCIDENTES!S39+ACCIDENTES!X39+ACCIDENTES!AC39+ACCIDENTES!AH39)/(HH!F39+HH!J39+HH!N39+HH!R39+HH!V39+HH!Z39+HH!AD39))*1000000 -> 0 | W39: =((ACCIDENTES!F39+ACCIDENTES!K39+ACCIDENTES!P39+ACCIDENTES!U39+ACCIDENTES!Z39+ACCIDENTES!AE39+ACCIDENTES!AJ39)/(HH!F39+HH!J39+HH!N39+HH!R39+HH!V39+HH!Z39+HH!AD39))*1000000 -> 0 | X39: =((ACCIDENTES!C39+ACCIDENTES!H39+ACCIDENTES!M39+ACCIDENTES!R39+ACCIDENTES!W39+ACCIDENTES!AB39+ACCIDENTES!AG39+ACCIDENTES!AL39)/(HH!F39+HH!J39+HH!N39+HH!R39+HH!V39+HH!Z39+HH!AD39+HH!AH39))*1000000 -> 0 | Y39: =((ACCIDENTES!D39+ACCIDENTES!I39+ACCIDENTES!N39+ACCIDENTES!S39+ACCIDENTES!X39+ACCIDENTES!AC39+ACCIDENTES!AH39+ACCIDENTES!AM39)/(HH!F39+HH!J39+HH!N39+HH!R39+HH!V39+HH!Z39+HH!AD39+HH!AH39))*1000000 -> 0 | Z39: =((ACCIDENTES!F39+ACCIDENTES!K39+ACCIDENTES!P39+ACCIDENTES!U39+ACCIDENTES!Z39+ACCIDENTES!AE39+ACCIDENTES!AJ39+ACCIDENTES!AO39)/(HH!F39+HH!J39+HH!N39+HH!R39+HH!V39+HH!Z39+HH!AD39+HH!AH39))*1000000 -> 0 | AA39: =((ACCIDENTES!AQ39+ACCIDENTES!AL39+ACCIDENTES!AG39+ACCIDENTES!AB39+ACCIDENTES!W39+ACCIDENTES!R39+ACCIDENTES!M39+ACCIDENTES!H39+ACCIDENTES!C39)/(HH!AL39+HH!AH39+HH!AD39+HH!Z39+HH!V39+HH!R39+HH!N39+HH!J39+HH!F39))*1000000 -> 0 | AB39: =((ACCIDENTES!AR39+ACCIDENTES!AM39+ACCIDENTES!AH39+ACCIDENTES!AC39+ACCIDENTES!X39+ACCIDENTES!S39+ACCIDENTES!N39+ACCIDENTES!I39+ACCIDENTES!D39)/(HH!AL39+HH!AH39+HH!AD39+HH!Z39+HH!V39+HH!R39+HH!N39+HH!J39+HH!F39))*1000000 -> 0 | AC39: =((ACCIDENTES!F39+ACCIDENTES!K39+ACCIDENTES!P39+ACCIDENTES!U39+ACCIDENTES!Z39+ACCIDENTES!AE39+ACCIDENTES!AJ39+ACCIDENTES!AO39+ACCIDENTES!AT39)/(HH!F39+HH!J39+HH!N39+HH!R39+HH!V39+HH!Z39+HH!AD39+HH!AH39+HH!AL39))*1000000 -> 0 | AD39: =((ACCIDENTES!AV39+ACCIDENTES!AQ39+ACCIDENTES!AL39+ACCIDENTES!AG39+ACCIDENTES!AB39+ACCIDENTES!W39+ACCIDENTES!R39+ACCIDENTES!M39+ACCIDENTES!H39+ACCIDENTES!C39)/(HH!F39+HH!J39+HH!N39+HH!R39+HH!V39+HH!Z39+HH!AD39+HH!AH39+HH!AL39+HH!AP39))*1000000 -> 0 | AE39: =((ACCIDENTES!D39+ACCIDENTES!I39+ACCIDENTES!N39+ACCIDENTES!S39+ACCIDENTES!X39+ACCIDENTES!AC39+ACCIDENTES!AH39+ACCIDENTES!AM39+ACCIDENTES!AR39+ACCIDENTES!AW39)/(HH!AP39+HH!AL39+HH!AH39+HH!AD39+HH!Z39+HH!V39+HH!R39+HH!N39+HH!J39+HH!F39))*1000000 -> 0 | AF39: =((ACCIDENTES!AY39+ACCIDENTES!AT39+ACCIDENTES!AO39+ACCIDENTES!AJ39+ACCIDENTES!AE39+ACCIDENTES!Z39+ACCIDENTES!U39+ACCIDENTES!P39+ACCIDENTES!K39+ACCIDENTES!F39)/(HH!F39+HH!J39+HH!N39+HH!R39+HH!V39+HH!Z39+HH!AD39+HH!AH39+HH!AL39+HH!AP39))*1000000 -> 0 | AG39: =((ACCIDENTES!BA39+ACCIDENTES!AV39+ACCIDENTES!AQ39+ACCIDENTES!AL39+ACCIDENTES!AG39+ACCIDENTES!AB39+ACCIDENTES!W39+ACCIDENTES!R39+ACCIDENTES!M39+ACCIDENTES!H39+ACCIDENTES!C39)/(HH!AT39+HH!AP39+HH!AL39+HH!AH39+HH!AD39+HH!Z39+HH!V39+HH!R39+HH!N39+HH!J39+HH!F39))*1000000 -> 0 | AH39: =((ACCIDENTES!D39+ACCIDENTES!I39+ACCIDENTES!N39+ACCIDENTES!S39+ACCIDENTES!X39+ACCIDENTES!AC39+ACCIDENTES!AH39+ACCIDENTES!AM39+ACCIDENTES!AR39+ACCIDENTES!AW39+ACCIDENTES!BB39)/(HH!F39+HH!J39+HH!N39+HH!R39+HH!V39+HH!Z39+HH!AD39+HH!AH39+HH!AL39+HH!AP39+HH!AT39))*1000000 -> 0 | AI39: =((ACCIDENTES!BD39+ACCIDENTES!AY39+ACCIDENTES!AT39+ACCIDENTES!AO39+ACCIDENTES!AJ39+ACCIDENTES!AE39+ACCIDENTES!Z39+ACCIDENTES!U39+ACCIDENTES!P39+ACCIDENTES!K39+ACCIDENTES!F39)/(HH!F39+HH!J39+HH!N39+HH!R39+HH!V39+HH!Z39+HH!AD39+HH!AH39+HH!AL39+HH!AP39+HH!AT39))*1000000 -> 0 | AJ39: =(ACCIDENTES!BK39/HH!BB39)*1000000 -> 0 | AK39: =(ACCIDENTES!BL39/HH!BB39)*1000000 -> 0 | AL39: =(ACCIDENTES!BN39/HH!BB39)*1000000 -> 0 | AN39: =AW39 -> 0 | AO39: =BA39 -> 0
